Delivery Date,Hour of Delivery
19-02-16,21
19-02-16,21
19-02-16,21
19-02-16,21
19-02-16,21
19-02-16,21
19-02-16,21
19-02-16,21
19-02-16,21
19-02-16,18
19-02-16,18
19-02-16,19
19-02-16,18
19-02-16,18
19-02-16,19
19-02-16,18
19-02-16,18
19-02-16,19
19-02-16,18
19-02-16,18
19-02-16,19
19-02-16,18
19-02-16,18
19-02-16,19
19-02-16,20
19-02-16,20
19-02-16,20
19-02-16,20
19-02-16,20
19-02-16,20
19-02-16,20
19-02-16,20
19-02-16,20
19-02-16,20
19-02-16,20
19-02-16,20
19-02-16,20
19-02-16,20
19-02-16,20
19-02-16,21
19-02-16,21
19-02-16,21
19-02-16,21
19-02-16,21
19-02-16,21
19-02-16,22
19-02-16,22
19-02-16,22
19-02-16,19
19-02-16,19
19-02-16,19
19-02-16,20
19-02-16,20
19-02-16,20
28-12-15,19
28-12-15,19
28-12-15,19
28-12-15,18
28-12-15,18
28-12-15,18
28-12-15,19
28-12-15,19
28-12-15,19
28-12-15,19
28-12-15,19
28-12-15,19
28-12-15,19
28-12-15,19
28-12-15,19
28-12-15,18
28-12-15,18
28-12-15,18
28-12-15,18
28-12-15,18
28-12-15,18
29-12-15,19
29-12-15,19
29-12-15,19
29-12-15,19
29-12-15,19
29-12-15,19
29-12-15,19
29-12-15,19
29-12-15,19
29-12-15,19
29-12-15,19
29-12-15,19
29-12-15,19
29-12-15,19
29-12-15,19
29-12-15,19
29-12-15,19
29-12-15,19
29-12-15,19
29-12-15,19
29-12-15,19
29-12-15,19
29-12-15,19
29-12-15,19
29-12-15,19
29-12-15,19
29-12-15,19
29-12-15,19
29-12-15,19
29-12-15,19
29-12-15,19
29-12-15,19
29-12-15,19
29-12-15,19
29-12-15,19
29-12-15,19
29-12-15,18
29-12-15,18
29-12-15,18
29-12-15,20
29-12-15,20
29-12-15,20
29-12-15,20
29-12-15,20
29-12-15,20
30-12-15,18
30-12-15,18
30-12-15,18
30-12-15,18
30-12-15,18
30-12-15,18
30-12-15,18
30-12-15,18
30-12-15,18
30-12-15,20
30-12-15,20
30-12-15,20
30-12-15,20
30-12-15,20
30-12-15,20
30-12-15,20
30-12-15,20
30-12-15,20
30-12-15,20
30-12-15,20
30-12-15,20
30-12-15,20
30-12-15,20
30-12-15,20
30-12-15,20
30-12-15,20
30-12-15,20
30-12-15,20
30-12-15,20
30-12-15,20
30-12-15,19
30-12-15,19
30-12-15,20
30-12-15,19
30-12-15,19
30-12-15,20
30-12-15,19
30-12-15,19
30-12-15,20
30-12-15,20
30-12-15,20
30-12-15,20
30-12-15,20
30-12-15,20
30-12-15,20
30-12-15,20
30-12-15,20
30-12-15,20
30-12-15,20
30-12-15,20
30-12-15,20
30-12-15,18
30-12-15,18
30-12-15,18
30-12-15,20
30-12-15,20
30-12-15,20
30-12-15,19
30-12-15,19
30-12-15,19
30-12-15,18
30-12-15,18
30-12-15,18
04-01-16,18
04-01-16,18
04-01-16,18
04-01-16,18
04-01-16,18
04-01-16,18
04-01-16,19
04-01-16,19
04-01-16,19
04-01-16,18
04-01-16,18
04-01-16,18
05-01-16,20
05-01-16,20
05-01-16,20
05-01-16,20
05-01-16,20
05-01-16,20
05-01-16,20
05-01-16,20
05-01-16,20
05-01-16,20
05-01-16,20
05-01-16,20
05-01-16,20
05-01-16,20
05-01-16,20
05-01-16,20
05-01-16,20
05-01-16,20
05-01-16,20
05-01-16,20
05-01-16,20
05-01-16,20
05-01-16,20
05-01-16,20
05-01-16,20
05-01-16,20
05-01-16,20
05-01-16,20
05-01-16,20
05-01-16,20
05-01-16,20
05-01-16,20
05-01-16,20
05-01-16,19
05-01-16,19
05-01-16,19
05-01-16,19
05-01-16,19
05-01-16,19
05-01-16,19
05-01-16,19
05-01-16,19
05-01-16,19
05-01-16,19
05-01-16,19
05-01-16,19
05-01-16,19
05-01-16,19
05-01-16,19
05-01-16,19
05-01-16,19
05-01-16,19
05-01-16,19
05-01-16,19
05-01-16,19
05-01-16,19
05-01-16,19
05-01-16,19
05-01-16,19
05-01-16,19
05-01-16,19
05-01-16,19
05-01-16,19
05-01-16,18
05-01-16,18
05-01-16,18
05-01-16,18
05-01-16,18
05-01-16,18
05-01-16,18
05-01-16,18
05-01-16,18
05-01-16,18
05-01-16,18
05-01-16,18
05-01-16,18
05-01-16,18
05-01-16,18
05-01-16,20
05-01-16,20
05-01-16,20
05-01-16,20
05-01-16,20
05-01-16,20
05-01-16,20
05-01-16,20
05-01-16,20
05-01-16,20
05-01-16,20
05-01-16,20
07-01-16,19
07-01-16,19
07-01-16,19
07-01-16,20
07-01-16,20
07-01-16,20
07-01-16,20
07-01-16,20
07-01-16,20
07-01-16,20
07-01-16,20
07-01-16,20
07-01-16,20
07-01-16,20
07-01-16,20
07-01-16,19
07-01-16,19
07-01-16,19
07-01-16,20
07-01-16,20
07-01-16,20
07-01-16,19
07-01-16,19
07-01-16,20
07-01-16,20
07-01-16,20
07-01-16,20
07-01-16,20
07-01-16,20
07-01-16,21
07-01-16,21
07-01-16,21
07-01-16,21
07-01-16,21
07-01-16,21
07-01-16,20
07-01-16,20
07-01-16,21
07-01-16,20
07-01-16,20
07-01-16,20
07-01-16,22
07-01-16,22
07-01-16,22
08-01-16,9
08-01-16,19
08-01-16,19
08-01-16,19
08-01-16,19
08-01-16,19
08-01-16,19
08-01-16,19
08-01-16,19
08-01-16,19
08-01-16,20
08-01-16,20
08-01-16,20
08-01-16,20
08-01-16,20
08-01-16,20
08-01-16,20
08-01-16,20
08-01-16,20
08-01-16,20
08-01-16,20
08-01-16,20
08-01-16,18
08-01-16,18
08-01-16,18
08-01-16,18
08-01-16,18
08-01-16,18
08-01-16,21
08-01-16,21
08-01-16,21
08-01-16,21
08-01-16,21
08-01-16,21
08-01-16,18
08-01-16,18
08-01-16,19
08-01-16,18
08-01-16,18
08-01-16,19
08-01-16,18
08-01-16,18
08-01-16,19
08-01-16,20
08-01-16,20
08-01-16,20
08-01-16,20
08-01-16,20
08-01-16,20
08-01-16,19
08-01-16,19
08-01-16,19
08-01-16,19
08-01-16,19
08-01-16,19
08-01-16,19
08-01-16,19
08-01-16,19
08-01-16,19
08-01-16,19
08-01-16,19
08-01-16,19
08-01-16,19
08-01-16,19
08-01-16,19
08-01-16,19
08-01-16,19
08-01-16,19
08-01-16,19
08-01-16,19
08-01-16,19
08-01-16,19
08-01-16,19
08-01-16,19
08-01-16,19
08-01-16,19
08-01-16,19
08-01-16,19
08-01-16,19
11-01-16,19
11-01-16,19
11-01-16,19
11-01-16,19
11-01-16,19
11-01-16,19
11-01-16,19
11-01-16,19
11-01-16,19
11-01-16,18
11-01-16,18
11-01-16,18
11-01-16,19
11-01-16,19
11-01-16,19
11-01-16,21
11-01-16,21
11-01-16,21
11-01-16,20
11-01-16,20
11-01-16,20
12-01-16,20
12-01-16,20
12-01-16,20
12-01-16,20
12-01-16,20
12-01-16,20
12-01-16,20
12-01-16,20
12-01-16,20
12-01-16,20
12-01-16,20
12-01-16,20
12-01-16,21
12-01-16,21
12-01-16,21
12-01-16,21
12-01-16,21
12-01-16,21
12-01-16,21
12-01-16,21
12-01-16,21
12-01-16,21
12-01-16,21
12-01-16,21
12-01-16,20
12-01-16,20
12-01-16,20
12-01-16,20
12-01-16,20
12-01-16,20
12-01-16,20
12-01-16,20
12-01-16,20
12-01-16,20
12-01-16,20
12-01-16,20
12-01-16,21
12-01-16,21
12-01-16,21
12-01-16,21
12-01-16,21
12-01-16,21
13-01-16,18
13-01-16,18
13-01-16,18
13-01-16,18
13-01-16,18
13-01-16,18
13-01-16,18
13-01-16,18
13-01-16,18
13-01-16,18
13-01-16,18
13-01-16,18
13-01-16,18
13-01-16,18
13-01-16,18
13-01-16,18
13-01-16,19
13-01-16,19
13-01-16,19
13-01-16,19
13-01-16,19
13-01-16,19
13-01-16,19
13-01-16,19
13-01-16,19
13-01-16,19
13-01-16,19
13-01-16,19
13-01-16,19
13-01-16,19
13-01-16,19
13-01-16,19
13-01-16,19
13-01-16,19
13-01-16,19
13-01-16,19
13-01-16,19
13-01-16,19
13-01-16,19
13-01-16,19
13-01-16,19
13-01-16,19
13-01-16,19
13-01-16,19
13-01-16,19
13-01-16,19
13-01-16,19
13-01-16,19
13-01-16,19
13-01-16,19
13-01-16,19
13-01-16,19
13-01-16,20
13-01-16,20
13-01-16,20
14-01-16,19
14-01-16,19
14-01-16,19
14-01-16,19
14-01-16,19
14-01-16,19
14-01-16,19
14-01-16,19
14-01-16,19
14-01-16,19
14-01-16,19
14-01-16,19
14-01-16,18
14-01-16,19
14-01-16,19
14-01-16,18
14-01-16,19
14-01-16,19
14-01-16,18
14-01-16,19
14-01-16,19
14-01-16,18
14-01-16,19
14-01-16,19
14-01-16,17
123456,17
14-01-16,17
14-01-16,17
2365654974,17
14-01-16,17
15-01-16,19
15-01-16,19
15-01-16,19
15-01-16,19
15-01-16,19
15-01-16,19
15-01-16,19
15-01-16,19
15-01-16,19
15-01-16,19
15-01-16,19
15-01-16,19
15-01-16,19
15-01-16,19
15-01-16,19
15-01-16,19
15-01-16,19
15-01-16,19
15-01-16,19
15-01-16,19
15-01-16,19
15-01-16,19
15-01-16,19
15-01-16,19
15-01-16,19
15-01-16,19
15-01-16,19
15-01-16,19
15-01-16,19
15-01-16,19
15-01-16,20
15-01-16,20
15-01-16,20
15-01-16,20
15-01-16,20
15-01-16,20
15-01-16,20
15-01-16,20
15-01-16,20
15-01-16,20
15-01-16,20
15-01-16,20
15-01-16,20
15-01-16,20
15-01-16,20
15-01-16,20
15-01-16,20
15-01-16,20
15-01-16,19
15-01-16,19
15-01-16,19
15-01-16,19
15-01-16,19
15-01-16,20
15-01-16,20
15-01-16,20
15-01-16,20
15-01-16,20
15-01-16,20
15-01-16,20
15-01-16,20
15-01-16,20
15-01-16,20
15-01-16,20
15-01-16,20
15-01-16,20
15-01-16,20
15-01-16,20
15-01-16,20
18-01-16,20
18-01-16,20
18-01-16,20
18-01-16,18
18-01-16,18
18-01-16,18
18-01-16,18
18-01-16,18
18-01-16,18
18-01-16,19
18-01-16,19
18-01-16,19
18-01-16,19
18-01-16,19
18-01-16,19
18-01-16,19
18-01-16,19
18-01-16,19
18-01-16,19
18-01-16,19
18-01-16,19
18-01-16,20
18-01-16,20
18-01-16,20
18-01-16,20
18-01-16,20
18-01-16,20
18-01-16,21
18-01-16,21
18-01-16,21
18-01-16,21
18-01-16,21
18-01-16,21
18-01-16,20
18-01-16,20
18-01-16,20
18-01-16,20
18-01-16,20
18-01-16,20
18-01-16,20
18-01-16,20
18-01-16,20
19-01-16,19
19-01-16,19
19-01-16,19
19-01-16,19
19-01-16,19
19-01-16,19
19-01-16,19
19-01-16,19
19-01-16,19
19-01-16,20
19-01-16,20
19-01-16,21
19-01-16,20
19-01-16,20
19-01-16,20
19-01-16,21
19-01-16,21
19-01-16,21
19-01-16,19
19-01-16,19
19-01-16,19
19-01-16,19
19-01-16,19
19-01-16,19
19-01-16,19
19-01-16,19
19-01-16,19
19-01-16,19
19-01-16,19
19-01-16,19
19-01-16,20
19-01-16,20
19-01-16,20
20-01-16,19
20-01-16,19
20-01-16,19
20-01-16,20
20-01-16,20
20-01-16,19
20-01-16,19
20-01-16,19
20-01-16,20
20-01-16,20
20-01-16,20
21-01-16,20
21-01-16,20
21-01-16,20
21-01-16,20
21-01-16,20
21-01-16,20
21-01-16,20
21-01-16,20
21-01-16,20
21-01-16,20
21-01-16,20
21-01-16,20
21-01-16,20
21-01-16,20
21-01-16,20
21-01-16,20
21-01-16,20
21-01-16,20
21-01-16,20
21-01-16,20
21-01-16,20
21-01-16,18
21-01-16,18
21-01-16,18
21-01-16,19
21-01-16,19
21-01-16,19
21-01-16,19
21-01-16,19
21-01-16,19
21-01-16,19
21-01-16,19
21-01-16,19
21-01-16,19
21-01-16,19
21-01-16,19
21-01-16,19
21-01-16,19
21-01-16,19
21-01-16,22
21-01-16,22
21-01-16,22
21-01-16,22
21-01-16,22
21-01-16,22
21-01-16,20
21-01-16,20
21-01-16,20
21-01-16,21
21-01-16,21
21-01-16,21
21-01-16,21
21-01-16,21
21-01-16,21
21-01-16,19
21-01-16,19
21-01-16,19
22-01-16,20
22-01-16,20
22-01-16,20
22-01-16,20
22-01-16,20
22-01-16,20
22-01-16,20
22-01-16,20
22-01-16,20
22-01-16,20
22-01-16,20
22-01-16,20
22-01-16,20
22-01-16,20
22-01-16,20
22-01-16,20
22-01-16,20
22-01-16,20
22-01-16,20
22-01-16,20
22-01-16,20
22-01-16,20
22-01-16,20
22-01-16,20
22-01-16,20
22-01-16,20
22-01-16,20
22-01-16,21
22-01-16,21
22-01-16,21
22-01-16,20
22-01-16,20
22-01-16,20
22-01-16,20
22-01-16,20
22-01-16,20
22-01-16,20
22-01-16,20
22-01-16,20
22-01-16,20
22-01-16,20
22-01-16,20
22-01-16,20
22-01-16,20
22-01-16,20
22-01-16,20
22-01-16,20
22-01-16,20
22-01-16,20
22-01-16,20
22-01-16,20
22-01-16,19
22-01-16,19
22-01-16,19
22-01-16,19
22-01-16,19
22-01-16,19
22-01-16,19
22-01-16,19
22-01-16,19
22-01-16,18
22-01-16,18
22-01-16,18
22-01-16,18
22-01-16,18
22-01-16,18
22-01-16,18
22-01-16,18
22-01-16,18
22-01-16,18
22-01-16,18
22-01-16,18
22-01-16,20
22-01-16,20
22-01-16,20
22-01-16,20
22-01-16,20
22-01-16,20
22-01-16,20
22-01-16,20
22-01-16,20
22-01-16,20
22-01-16,20
22-01-16,20
22-01-16,20
22-01-16,20
22-01-16,20
25-01-16,20
25-01-16,20
25-01-16,20
25-01-16,19
25-01-16,19
25-01-16,19
25-01-16,19
25-01-16,19
25-01-16,19
26-01-16,19
26-01-16,19
26-01-16,19
26-01-16,19
26-01-16,19
26-01-16,19
26-01-16,21
26-01-16,21
26-01-16,21
26-01-16,19
26-01-16,19
26-01-16,19
26-01-16,19
26-01-16,19
26-01-16,19
27-01-16,21
27-01-16,21
27-01-16,21
27-01-16,21
27-01-16,21
27-01-16,21
27-01-16,19
27-01-16,19
27-01-16,19
27-01-16,21
27-01-16,21
27-01-16,21
27-01-16,21
27-01-16,21
27-01-16,21
27-01-16,19
27-01-16,19
27-01-16,19
27-01-16,19
27-01-16,19
27-01-16,19
28-01-16,19
28-01-16,19
28-01-16,19
28-01-16,19
28-01-16,19
28-01-16,19
28-01-16,19
28-01-16,19
28-01-16,19
28-01-16,19
28-01-16,19
28-01-16,19
28-01-16,19
28-01-16,19
28-01-16,19
28-01-16,19
28-01-16,19
28-01-16,19
28-01-16,19
28-01-16,19
28-01-16,19
28-01-16,21
28-01-16,21
28-01-16,21
28-01-16,21
28-01-16,21
28-01-16,21
28-01-16,19
28-01-16,19
28-01-16,19
28-01-16,20
28-01-16,20
28-01-16,20
29-01-16,20
29-01-16,20
29-01-16,20
29-01-16,20
29-01-16,20
29-01-16,20
29-01-16,20
29-01-16,20
29-01-16,20
29-01-16,20
29-01-16,20
29-01-16,20
29-01-16,20
29-01-16,20
29-01-16,20
29-01-16,20
29-01-16,20
29-01-16,20
29-01-16,19
29-01-16,19
29-01-16,19
29-01-16,20
29-01-16,20
29-01-16,20
29-01-16,20
29-01-16,20
29-01-16,20
29-01-16,20
29-01-16,20
29-01-16,20
29-01-16,20
29-01-16,20
29-01-16,20
29-01-16,20
29-01-16,20
29-01-16,20
29-01-16,20
29-01-16,20
29-01-16,20
29-01-16,20
29-01-16,20
29-01-16,20
29-01-16,20
29-01-16,20
29-01-16,20
29-01-16,20
29-01-16,20
29-01-16,19
29-01-16,19
29-01-16,19
29-01-16,19
29-01-16,19
29-01-16,19
01-02-16,19
01-02-16,19
01-02-16,19
01-02-16,21
01-02-16,21
01-02-16,21
01-02-16,19
01-02-16,19
01-02-16,19
01-02-16,19
01-02-16,19
01-02-16,19
01-02-16,21
01-02-16,21
01-02-16,21
01-02-16,21
01-02-16,21
01-02-16,21
01-02-16,19
01-02-16,19
01-02-16,19
01-02-16,20
01-02-16,20
01-02-16,20
01-02-16,20
01-02-16,20
01-02-16,20
01-02-16,20
01-02-16,20
01-02-16,20
02-02-16,19
02-02-16,19
02-02-16,19
02-02-16,19
02-02-16,19
02-02-16,19
02-02-16,20
02-02-16,20
02-02-16,20
02-02-16,21
02-02-16,21
02-02-16,21
02-02-16,21
02-02-16,21
02-02-16,21
02-02-16,19
02-02-16,19
02-02-16,19
02-02-16,19
02-02-16,19
02-02-16,19
03-02-16,21
03-02-16,21
03-02-16,21
03-02-16,19
03-02-16,19
03-02-16,19
03-02-16,19
03-02-16,19
03-02-16,19
03-02-16,19
03-02-16,19
03-02-16,19
03-02-16,19
03-02-16,19
03-02-16,19
03-02-16,19
03-02-16,19
03-02-16,19
03-02-16,19
03-02-16,19
03-02-16,19
03-02-16,19
03-02-16,19
03-02-16,19
03-02-16,19
03-02-16,19
03-02-16,19
03-02-16,19
03-02-16,19
03-02-16,19
03-02-16,19
03-02-16,19
03-02-16,19
05-02-16,20
05-02-16,20
05-02-16,20
05-02-16,20
05-02-16,20
05-02-16,20
05-02-16,20
05-02-16,20
05-02-16,20
05-02-16,20
05-02-16,20
05-02-16,20
05-02-16,20
05-02-16,20
05-02-16,20
05-02-16,20
05-02-16,20
05-02-16,20
05-02-16,20
05-02-16,20
05-02-16,20
05-02-16,20
05-02-16,20
05-02-16,20
05-02-16,20
05-02-16,20
05-02-16,20
05-02-16,20
05-02-16,20
05-02-16,20
05-02-16,20
05-02-16,20
05-02-16,20
05-02-16,20
05-02-16,20
05-02-16,20
05-02-16,20
05-02-16,20
05-02-16,20
05-02-16,20
05-02-16,20
05-02-16,20
05-02-16,20
05-02-16,20
05-02-16,20
05-02-16,20
05-02-16,20
05-02-16,20
05-02-16,20
05-02-16,20
05-02-16,20
05-02-16,20
05-02-16,20
05-02-16,20
05-02-16,20
05-02-16,20
05-02-16,20
05-02-16,20
05-02-16,20
05-02-16,20
05-02-16,21
05-02-16,21
05-02-16,21
05-02-16,21
05-02-16,21
05-02-16,21
05-02-16,21
05-02-16,21
05-02-16,21
05-02-16,19
05-02-16,19
05-02-16,19
05-02-16,19
05-02-16,19
05-02-16,19
08-02-16,20
08-02-16,20
08-02-16,20
08-02-16,19
08-02-16,19
08-02-16,19
08-02-16,20
08-02-16,20
08-02-16,20
08-02-16,20
08-02-16,20
08-02-16,20
08-02-16,20
08-02-16,20
08-02-16,20
08-02-16,20
08-02-16,20
08-02-16,20
08-02-16,20
08-02-16,20
08-02-16,20
08-02-16,20
08-02-16,20
08-02-16,20
08-02-16,20
08-02-16,20
08-02-16,20
08-02-16,20
08-02-16,20
08-02-16,20
08-02-16,19
08-02-16,19
08-02-16,19
08-02-16,21
08-02-16,21
08-02-16,21
08-02-16,19
08-02-16,19
08-02-16,19
08-02-16,19
08-02-16,19
08-02-16,19
08-02-16,20
08-02-16,20
08-02-16,20
08-02-16,19
08-02-16,19
08-02-16,19
08-02-16,19
08-02-16,19
08-02-16,19
09-02-16,19
09-02-16,19
09-02-16,19
09-02-16,19
09-02-16,19
09-02-16,19
09-02-16,20
09-02-16,20
09-02-16,21
09-02-16,21
09-02-16,21
09-02-16,21
09-02-16,22
09-02-16,22
09-02-16,22
09-02-16,22
09-02-16,22
09-02-16,22
09-02-16,20
09-02-16,20
09-02-16,20
09-02-16,19
09-02-16,19
09-02-16,19
09-02-16,19
09-02-16,19
09-02-16,19
09-02-16,19
09-02-16,19
09-02-16,19
09-02-16,19
09-02-16,19
09-02-16,19
09-02-16,19
09-02-16,19
09-02-16,19
09-02-16,19
09-02-16,19
09-02-16,19
09-02-16,19
09-02-16,19
09-02-16,19
09-02-16,21
09-02-16,21
09-02-16,21
10-02-16,19
10-02-16,19
10-02-16,19
10-02-16,19
10-02-16,19
10-02-16,19
10-02-16,19
10-02-16,19
10-02-16,19
10-02-16,19
10-02-16,19
10-02-16,19
11-02-16,20
11-02-16,20
11-02-16,20
11-02-16,20
11-02-16,20
11-02-16,20
11-02-16,20
11-02-16,20
11-02-16,20
11-02-16,19
11-02-16,19
11-02-16,19
11-02-16,21
11-02-16,21
11-02-16,21
11-02-16,21
11-02-16,21
11-02-16,21
11-02-16,21
11-02-16,21
11-02-16,21
11-02-16,21
11-02-16,21
11-02-16,21
11-02-16,21
11-02-16,21
11-02-16,21
11-02-16,18
11-02-16,18
11-02-16,19
11-02-16,21
11-02-16,21
11-02-16,21
11-02-16,19
11-02-16,19
11-02-16,19
12-02-16,20
12-02-16,20
12-02-16,21
12-02-16,20
12-02-16,20
12-02-16,21
12-02-16,20
12-02-16,20
12-02-16,21
12-02-16,19
12-02-16,19
12-02-16,19
12-02-16,19
12-02-16,19
12-02-16,19
12-02-16,19
12-02-16,19
12-02-16,19
12-02-16,19
12-02-16,19
12-02-16,19
12-02-16,19
12-02-16,19
12-02-16,19
12-02-16,19
12-02-16,19
12-02-16,19
12-02-16,19
12-02-16,19
12-02-16,19
12-02-16,20
12-02-16,20
12-02-16,20
12-02-16,20
12-02-16,20
12-02-16,20
12-02-16,20
12-02-16,20
12-02-16,20
12-02-16,20
12-02-16,20
12-02-16,20
12-02-16,20
12-02-16,20
12-02-16,20
12-02-16,20
12-02-16,20
12-02-16,20
12-02-16,20
12-02-16,20
12-02-16,20
12-02-16,19
12-02-16,19
12-02-16,19
12-02-16,19
12-02-16,19
12-02-16,19
12-02-16,19
12-02-16,19
12-02-16,19
12-02-16,19
12-02-16,19
12-02-16,19
12-02-16,19
12-02-16,19
12-02-16,19
12-02-16,19
12-02-16,19
12-02-16,19
12-02-16,21
12-02-16,21
12-02-16,21
12-02-16,21
12-02-16,21
12-02-16,21
12-02-16,21
12-02-16,21
12-02-16,21
12-02-16,21
12-02-16,21
12-02-16,21
12-02-16,21
12-02-16,21
12-02-16,21
12-02-16,21
12-02-16,21
12-02-16,21
12-02-16,21
12-02-16,21
12-02-16,21
15-02-16,19
15-02-16,19
15-02-16,19
15-02-16,19
15-02-16,19
15-02-16,19
15-02-16,20
15-02-16,20
15-02-16,20
15-02-16,20
15-02-16,20
15-02-16,20
15-02-16,20
15-02-16,20
15-02-16,20
15-02-16,19
15-02-16,19
15-02-16,19
16-02-16,19
16-02-16,19
16-02-16,19
16-02-16,19
16-02-16,19
16-02-16,19
16-02-16,20
16-02-16,20
16-02-16,20
16-02-16,20
16-02-16,20
16-02-16,20
16-02-16,20
16-02-16,20
16-02-16,20
16-02-16,20
16-02-16,20
16-02-16,20
16-02-16,20
16-02-16,20
16-02-16,20
16-02-16,20
16-02-16,20
16-02-16,20
16-02-16,19
16-02-16,19
16-02-16,19
16-02-16,19
16-02-16,19
16-02-16,19
16-02-16,20
16-02-16,20
16-02-16,20
16-02-16,20
16-02-16,20
16-02-16,20
16-02-16,20
16-02-16,20
16-02-16,20
16-02-16,20
16-02-16,20
16-02-16,20
17-02-16,20
17-02-16,20
17-02-16,20
17-02-16,20
17-02-16,20
17-02-16,20
17-02-16,20
17-02-16,20
17-02-16,20
17-02-16,21
17-02-16,21
17-02-16,21
17-02-16,21
17-02-16,21
17-02-16,21
17-02-16,21
17-02-16,21
17-02-16,21
17-02-16,21
17-02-16,21
17-02-16,21
17-02-16,21
17-02-16,21
17-02-16,21
17-02-16,20
17-02-16,20
17-02-16,20
17-02-16,21
17-02-16,21
17-02-16,21
17-02-16,21
17-02-16,21
17-02-16,21
17-02-16,21
17-02-16,21
17-02-16,21
17-02-16,19
17-02-16,19
17-02-16,19
17-02-16,21
17-02-16,21
18-02-16,19
18-02-16,19
18-02-16,19
18-02-16,19
18-02-16,19
18-02-16,19
18-02-16,21
18-02-16,21
18-02-16,21
18-02-16,21
18-02-16,21
18-02-16,21
18-02-16,19
18-02-16,19
18-02-16,19
18-02-16,19
18-02-16,19
18-02-16,19
18-02-16,19
18-02-16,19
18-02-16,19
18-02-16,21
18-02-16,21
18-02-16,21
18-02-16,21
18-02-16,21
18-02-16,21
18-02-16,21
18-02-16,21
18-02-16,21
18-02-16,20
18-02-16,20
18-02-16,20
18-02-16,20
18-02-16,20
18-02-16,20
18-02-16,20
18-02-16,20
18-02-16,20
18-02-16,20
18-02-16,20
18-02-16,20
18-02-16,19
18-02-16,19
18-02-16,19
18-02-16,19
18-02-16,19
18-02-16,19
18-02-16,22
18-02-16,22
18-02-16,22
18-02-16,22
18-02-16,22
18-02-16,22
19-04-16,19
19-04-16,19
19-04-16,19
19-04-16,18
19-04-16,18
19-04-16,18
19-04-16,19
19-04-16,19
19-04-16,19
19-04-16,18
19-04-16,18
19-04-16,18
19-04-16,18
19-04-16,18
19-04-16,18
19-04-16,18
19-04-16,18
19-04-16,18
19-04-16,18
19-04-16,18
19-04-16,18
19-04-16,18
19-04-16,18
19-04-16,18
19-04-16,19
19-04-16,19
19-04-16,19
19-04-16,19
19-04-16,19
19-04-16,19
22-02-16,19
22-02-16,19
22-02-16,19
22-02-16,19
22-02-16,19
22-02-16,19
22-02-16,19
22-02-16,19
22-02-16,19
22-02-16,18
22-02-16,19
22-02-16,19
22-02-16,19
22-02-16,19
22-02-16,19
22-02-16,19
23-02-16,20
23-02-16,20
23-02-16,20
23-02-16,20
23-02-16,20
23-02-16,20
23-02-16,20
23-02-16,20
23-02-16,20
23-02-16,20
23-02-16,20
23-02-16,20
23-02-16,20
23-02-16,20
23-02-16,20
23-02-16,20
23-02-16,20
23-02-16,20
23-02-16,20
23-02-16,20
23-02-16,18
23-02-16,18
23-02-16,18
23-02-16,19
23-02-16,19
23-02-16,20
23-02-16,20
23-02-16,20
23-02-16,20
23-02-16,19
23-02-16,19
23-02-16,19
23-02-16,19
23-02-16,19
23-02-16,19
23-02-16,19
23-02-16,19
23-02-16,19
23-02-16,19
23-02-16,19
23-02-16,19
23-02-16,19
23-02-16,19
23-02-16,19
23-02-16,19
23-02-16,19
23-02-16,19
23-02-16,19
23-02-16,19
23-02-16,19
23-02-16,19
23-02-16,19
23-02-16,19
23-02-16,19
23-02-16,19
23-02-16,19
23-02-16,20
23-02-16,20
23-02-16,20
23-02-16,20
23-02-16,20
23-02-16,20
23-02-16,20
23-02-16,20
23-02-16,20
23-02-16,20
23-02-16,20
23-02-16,20
24-02-16,20
24-02-16,20
24-02-16,20
24-02-16,20
24-02-16,20
24-02-16,20
24-02-16,21
24-02-16,21
24-02-16,21
24-02-16,21
24-02-16,21
24-02-16,21
24-02-16,21
24-02-16,21
24-02-16,21
24-02-16,19
24-02-16,19
24-02-16,19
24-02-16,20
24-02-16,20
24-02-16,20
24-02-16,20
24-02-16,20
24-02-16,20
24-02-16,20
24-02-16,20
24-02-16,20
24-02-16,21
24-02-16,21
24-02-16,21
24-02-16,20
24-02-16,20
24-02-16,20
24-02-16,20
24-02-16,20
24-02-16,20
24-02-16,20
24-02-16,20
24-02-16,20
24-02-16,20
24-02-16,20
24-02-16,21
24-02-16,19
24-02-16,19
24-02-16,19
24-02-16,19
24-02-16,19
24-02-16,19
24-02-16,19
24-02-16,19
24-02-16,19
24-02-16,19
24-02-16,19
24-02-16,19
24-02-16,19
24-02-16,19
24-02-16,19
24-02-16,19
24-02-16,19
24-02-16,19
24-02-16,19
24-02-16,19
24-02-16,19
24-02-16,19
24-02-16,19
24-02-16,19
25-02-16,20
25-02-16,20
25-02-16,20
25-02-16,20
25-02-16,20
25-02-16,20
25-02-16,20
25-02-16,20
25-02-16,20
25-02-16,21
25-02-16,21
25-02-16,21
25-02-16,20
25-02-16,20
25-02-16,20
25-02-16,20
25-02-16,20
25-02-16,20
25-02-16,20
25-02-16,20
25-02-16,20
25-02-16,20
25-02-16,20
25-02-16,20
25-02-16,20
25-02-16,20
25-02-16,20
25-02-16,20
25-02-16,20
25-02-16,20
25-02-16,20
25-02-16,20
25-02-16,20
25-02-16,20
25-02-16,20
25-02-16,20
25-02-16,19
25-02-16,19
25-02-16,19
25-02-16,21
25-02-16,21
25-02-16,21
25-02-16,19
25-02-16,19
25-02-16,19
25-02-16,19
25-02-16,19
25-02-16,19
25-02-16,19
25-02-16,19
25-02-16,19
26-02-16,20
26-02-16,20
26-02-16,20
26-02-16,20
26-02-16,20
26-02-16,20
26-02-16,20
26-02-16,20
26-02-16,20
26-02-16,20
26-02-16,20
26-02-16,20
26-02-16,20
26-02-16,20
26-02-16,20
26-02-16,20
26-02-16,20
26-02-16,20
26-02-16,21
26-02-16,21
26-02-16,21
26-02-16,21
26-02-16,21
26-02-16,21
26-02-16,20
26-02-16,20
26-02-16,20
26-02-16,20
26-02-16,20
26-02-16,20
26-02-16,20
26-02-16,20
26-02-16,20
26-02-16,20
26-02-16,20
26-02-16,20
26-02-16,19
26-02-16,19
26-02-16,19
26-02-16,19
26-02-16,19
26-02-16,19
26-02-16,19
26-02-16,19
26-02-16,19
26-02-16,19
26-02-16,19
26-02-16,19
26-02-16,20
26-02-16,20
26-02-16,21
26-02-16,20
26-02-16,20
26-02-16,20
29-02-16,19
29-02-16,19
29-02-16,19
01-03-16,19
01-03-16,19
01-03-16,19
01-03-16,19
01-03-16,19
01-03-16,19
01-03-16,19
01-03-16,19
01-03-16,19
01-03-16,20
01-03-16,20
01-03-16,20
01-03-16,20
01-03-16,20
01-03-16,20
01-03-16,20
01-03-16,20
01-03-16,20
02-03-16,20
02-03-16,20
02-03-16,20
02-03-16,20
02-03-16,20
02-03-16,20
02-03-16,20
02-03-16,20
02-03-16,20
02-03-16,19
02-03-16,19
02-03-16,19
02-03-16,19
02-03-16,19
02-03-16,19
02-03-16,19
02-03-16,19
02-03-16,19
02-03-16,19
02-03-16,19
02-03-16,19
03-03-16,17
03-03-16,17
03-03-16,17
03-03-16,17
03-03-16,17
03-03-16,17
03-03-16,19
03-03-16,19
03-03-16,19
03-03-16,19
03-03-16,19
03-03-16,19
03-03-16,20
03-03-16,20
03-03-16,20
03-03-16,20
03-03-16,20
03-03-16,20
03-03-16,20
03-03-16,20
03-03-16,20
03-03-16,20
03-03-16,20
03-03-16,20
03-03-16,20
03-03-16,20
03-03-16,20
03-03-16,20
03-03-16,20
03-03-16,20
03-03-16,20
03-03-16,20
03-03-16,20
03-03-16,20
03-03-16,20
03-03-16,20
04-03-16,19
04-03-16,19
04-03-16,19
04-03-16,19
04-03-16,19
04-03-16,19
04-03-16,20
04-03-16,20
04-03-16,20
04-03-16,20
04-03-16,20
04-03-16,20
04-03-16,20
04-03-16,20
04-03-16,20
04-03-16,20
04-03-16,20
04-03-16,20
04-03-16,19
04-03-16,19
04-03-16,19
04-03-16,19
04-03-16,19
04-03-16,19
04-03-16,20
04-03-16,20
04-03-16,20
07-03-16,20
07-03-16,20
07-03-16,21
07-03-16,20
07-03-16,20
07-03-16,20
07-03-16,20
07-03-16,20
07-03-16,20
07-03-16,20
07-03-16,20
07-03-16,20
07-03-16,20
07-03-16,20
07-03-16,20
07-03-16,20
07-03-16,20
07-03-16,20
07-03-16,20
07-03-16,20
07-03-16,20
07-03-16,20
07-03-16,20
07-03-16,20
07-03-16,21
07-03-16,21
07-03-16,21
07-03-16,21
07-03-16,21
07-03-16,21
07-03-16,21
07-03-16,21
07-03-16,21
07-03-16,21
07-03-16,22
07-03-16,22
07-03-16,22
07-03-16,21
07-03-16,21
07-03-16,21
07-03-16,19
07-03-16,19
07-03-16,19
07-03-16,19
07-03-16,19
07-03-16,19
07-03-16,19
07-03-16,19
07-03-16,19
07-03-16,19
07-03-16,19
07-03-16,19
07-03-16,19
07-03-16,19
07-03-16,19
07-03-16,19
07-03-16,19
07-03-16,19
07-03-16,19
07-03-16,19
07-03-16,20
08-03-16,22
08-03-16,22
08-03-16,22
08-03-16,20
08-03-16,20
08-03-16,20
08-03-16,20
08-03-16,20
08-03-16,20
08-03-16,21
08-03-16,21
08-03-16,21
08-03-16,20
08-03-16,20
08-03-16,21
08-03-16,20
08-03-16,20
08-03-16,21
08-03-16,20
08-03-16,20
08-03-16,21
08-03-16,20
08-03-16,20
08-03-16,21
08-03-16,20
08-03-16,20
08-03-16,21
08-03-16,20
08-03-16,20
08-03-16,21
08-03-16,19
08-03-16,19
08-03-16,19
08-03-16,20
08-03-16,20
08-03-16,20
08-03-16,20
08-03-16,20
08-03-16,20
09-03-16,20
09-03-16,20
09-03-16,20
09-03-16,20
09-03-16,20
09-03-16,20
09-03-16,20
09-03-16,20
09-03-16,20
09-03-16,20
09-03-16,20
09-03-16,20
09-03-16,20
09-03-16,20
09-03-16,20
09-03-16,20
09-03-16,20
09-03-16,20
09-03-16,19
09-03-16,19
09-03-16,19
09-03-16,19
09-03-16,19
09-03-16,19
09-03-16,19
09-03-16,19
09-03-16,19
09-03-16,19
09-03-16,19
09-03-16,19
10-03-16,19
10-03-16,19
10-03-16,19
10-03-16,19
10-03-16,19
10-03-16,19
10-03-16,20
10-03-16,20
10-03-16,20
10-03-16,20
10-03-16,20
10-03-16,20
10-03-16,21
10-03-16,21
10-03-16,21
10-03-16,21
10-03-16,21
10-03-16,21
10-03-16,20
10-03-16,20
10-03-16,20
10-03-16,18
10-03-16,18
10-03-16,19
10-03-16,18
10-03-16,18
10-03-16,19
10-03-16,18
10-03-16,18
10-03-16,19
10-03-16,19
10-03-16,19
10-03-16,19
10-03-16,19
10-03-16,19
10-03-16,19
11-03-16,19
11-03-16,19
11-03-16,19
11-03-16,19
11-03-16,19
11-03-16,19
11-03-16,19
11-03-16,19
11-03-16,19
11-03-16,19
11-03-16,19
11-03-16,19
11-03-16,19
11-03-16,19
11-03-16,19
11-03-16,19
11-03-16,19
11-03-16,19
11-03-16,19
11-03-16,19
11-03-16,19
11-03-16,19
11-03-16,19
11-03-16,19
11-03-16,20
11-03-16,20
11-03-16,20
11-03-16,19
11-03-16,19
11-03-16,19
11-03-16,19
11-03-16,19
11-03-16,19
11-03-16,19
11-03-16,19
11-03-16,19
14-03-16,20
14-03-16,20
14-03-16,20
14-03-16,20
14-03-16,20
14-03-16,20
14-03-16,18
14-03-16,18
14-03-16,19
14-03-16,18
14-03-16,18
14-03-16,19
14-03-16,18
14-03-16,18
14-03-16,19
14-03-16,20
14-03-16,20
14-03-16,20
14-03-16,18
14-03-16,21
14-03-16,21
14-03-16,18
14-03-16,21
14-03-16,21
14-03-16,19
14-03-16,19
14-03-16,19
14-03-16,20
14-03-16,20
14-03-16,20
15-03-16,20
15-03-16,20
15-03-16,20
15-03-16,20
15-03-16,20
15-03-16,20
15-03-16,20
15-03-16,20
15-03-16,20
15-03-16,20
15-03-16,20
15-03-16,20
15-03-16,20
15-03-16,20
15-03-16,20
15-03-16,20
15-03-16,20
15-03-16,20
15-03-16,18
15-03-16,19
15-03-16,19
15-03-16,19
15-03-16,19
15-03-16,19
15-03-16,19
15-03-16,19
15-03-16,19
15-03-16,19
15-03-16,19
15-03-16,19
16-03-16,19
16-03-16,19
16-03-16,19
16-03-16,19
16-03-16,19
16-03-16,19
16-03-16,19
16-03-16,19
16-03-16,19
16-03-16,19
16-03-16,19
16-03-16,19
16-03-16,19
16-03-16,19
16-03-16,19
16-03-16,19
16-03-16,19
16-03-16,19
16-03-16,19
16-03-16,19
16-03-16,19
16-03-16,19
16-03-16,19
16-03-16,19
16-03-16,19
16-03-16,19
16-03-16,19
16-03-16,19
16-03-16,19
16-03-16,19
16-03-16,20
16-03-16,20
16-03-16,20
16-03-16,20
16-03-16,20
16-03-16,20
16-03-16,20
16-03-16,20
16-03-16,20
16-03-16,20
16-03-16,20
16-03-16,20
16-03-16,20
16-03-16,20
16-03-16,20
16-03-16,20
16-03-16,20
16-03-16,20
16-03-16,20
16-03-16,20
16-03-16,20
17-03-16,21
17-03-16,21
17-03-16,21
17-03-16,21
17-03-16,21
17-03-16,21
17-03-16,21
17-03-16,21
17-03-16,21
17-03-16,20
17-03-16,20
17-03-16,20
17-03-16,20
17-03-16,20
17-03-16,20
17-03-16,20
17-03-16,20
17-03-16,20
17-03-16,20
17-03-16,20
17-03-16,20
17-03-16,19
17-03-16,19
17-03-16,19
17-03-16,19
17-03-16,19
17-03-16,19
18-03-16,20
18-03-16,20
18-03-16,20
18-03-16,20
18-03-16,20
18-03-16,20
18-03-16,21
18-03-16,21
18-03-16,21
18-03-16,21
18-03-16,21
18-03-16,21
18-03-16,21
18-03-16,21
18-03-16,21
18-03-16,21
18-03-16,21
18-03-16,21
18-03-16,21
18-03-16,21
18-03-16,21
18-03-16,21
18-03-16,21
18-03-16,21
18-03-16,21
18-03-16,21
18-03-16,21
18-03-16,21
18-03-16,21
18-03-16,21
18-03-16,21
18-03-16,21
18-03-16,21
18-03-16,22
18-03-16,22
18-03-16,22
18-03-16,19
18-03-16,19
18-03-16,19
18-03-16,20
18-03-16,20
18-03-16,20
18-03-16,20
18-03-16,20
18-03-16,20
18-03-16,20
18-03-16,20
18-03-16,20
18-03-16,20
18-03-16,20
18-03-16,20
18-03-16,20
18-03-16,20
18-03-16,20
18-03-16,20
18-03-16,20
18-03-16,20
18-03-16,20
18-03-16,20
18-03-16,20
18-03-16,20
18-03-16,20
18-03-16,20
18-03-16,20
18-03-16,20
18-03-16,20
18-03-16,20
18-03-16,20
18-03-16,20
18-03-16,20
18-03-16,20
18-03-16,20
18-03-16,20
18-03-16,20
18-03-16,20
18-03-16,21
18-03-16,21
18-03-16,21
18-03-16,21
18-03-16,21
18-03-16,21
18-03-16,21
18-03-16,21
18-03-16,21
21-03-16,19
21-03-16,19
21-03-16,19
21-03-16,19
21-03-16,19
21-03-16,19
21-03-16,19
21-03-16,19
21-03-16,19
21-03-16,19
21-03-16,19
21-03-16,19
21-03-16,19
21-03-16,19
21-03-16,19
21-03-16,19
21-03-16,19
21-03-16,19
21-03-16,19
21-03-16,19
21-03-16,19
21-03-16,19
21-03-16,19
21-03-16,19
21-03-16,19
21-03-16,19
21-03-16,19
21-03-16,19
21-03-16,19
21-03-16,19
21-03-16,19
21-03-16,19
21-03-16,19
22-03-16,19
22-03-16,19
22-03-16,19
22-03-16,19
22-03-16,19
22-03-16,19
22-03-16,19
22-03-16,19
22-03-16,19
22-03-16,19
22-03-16,19
22-03-16,19
22-03-16,19
22-03-16,19
22-03-16,19
22-03-16,20
22-03-16,20
22-03-16,20
23-03-16,19
23-03-16,19
23-03-16,19
23-03-16,19
23-03-16,19
23-03-16,19
23-03-16,19
23-03-16,19
23-03-16,19
23-03-16,21
23-03-16,21
23-03-16,21
23-03-16,19
23-03-16,19
23-03-16,19
23-03-16,19
23-03-16,19
23-03-16,19
23-03-16,19
23-03-16,19
23-03-16,19
23-03-16,20
23-03-16,20
23-03-16,20
23-03-16,20
23-03-16,20
23-03-16,20
23-03-16,20
23-03-16,20
23-03-16,20
23-03-16,20
23-03-16,20
23-03-16,20
23-03-16,20
23-03-16,20
23-03-16,20
23-03-16,20
23-03-16,20
23-03-16,20
24-03-16,20
24-03-16,20
24-03-16,20
24-03-16,20
24-03-16,20
24-03-16,20
24-03-16,20
24-03-16,20
24-03-16,20
24-03-16,20
24-03-16,20
24-03-16,20
24-03-16,20
24-03-16,20
24-03-16,20
24-03-16,20
24-03-16,20
24-03-16,20
24-03-16,20
24-03-16,20
24-03-16,20
24-03-16,20
24-03-16,20
24-03-16,20
24-03-16,20
24-03-16,20
24-03-16,20
24-03-16,20
24-03-16,20
24-03-16,20
24-03-16,20
24-03-16,20
24-03-16,20
24-03-16,20
24-03-16,20
24-03-16,20
24-03-16,20
24-03-16,20
24-03-16,20
24-03-16,20
24-03-16,20
24-03-16,20
24-03-16,20
24-03-16,20
24-03-16,20
24-03-16,20
24-03-16,20
24-03-16,20
24-03-16,20
24-03-16,20
24-03-16,20
24-03-16,20
24-03-16,20
24-03-16,20
24-03-16,21
24-03-16,21
24-03-16,21
24-03-16,21
24-03-16,21
24-03-16,21
24-03-16,21
24-03-16,21
24-03-16,21
24-03-16,21
24-03-16,21
24-03-16,21
24-03-16,21
24-03-16,21
24-03-16,21
24-03-16,21
24-03-16,21
24-03-16,21
24-03-16,21
24-03-16,21
24-03-16,21
24-03-16,22
24-03-16,22
24-03-16,19
24-03-16,19
24-03-16,19
24-03-16,20
24-03-16,20
24-03-16,20
24-03-16,20
24-03-16,20
24-03-16,20
24-03-16,19
24-03-16,19
24-03-16,19
24-03-16,20
24-03-16,20
24-03-16,20
24-03-16,20
24-03-16,20
24-03-16,20
24-03-16,20
24-03-16,20
24-03-16,20
24-03-16,20
24-03-16,20
24-03-16,20
24-03-16,20
24-03-16,20
24-03-16,20
24-03-16,22
24-03-16,22
24-03-16,22
29-03-16,19
29-03-16,19
29-03-16,19
29-03-16,19
29-03-16,19
29-03-16,19
29-03-16,19
29-03-16,19
29-03-16,19
29-03-16,19
29-03-16,19
29-03-16,19
29-03-16,19
29-03-16,19
29-03-16,19
29-03-16,20
29-03-16,20
29-03-16,20
29-03-16,20
29-03-16,20
29-03-16,20
29-03-16,20
29-03-16,20
29-03-16,20
29-03-16,19
29-03-16,19
29-03-16,19
29-03-16,21
29-03-16,21
29-03-16,21
29-03-16,21
29-03-16,21
29-03-16,21
29-03-16,20
29-03-16,20
29-03-16,20
29-03-16,19
29-03-16,19
29-03-16,19
29-03-16,19
29-03-16,19
29-03-16,19
29-03-16,19
29-03-16,19
29-03-16,19
29-03-16,20
29-03-16,20
29-03-16,20
29-03-16,20
29-03-16,20
29-03-16,20
29-03-16,19
29-03-16,19
29-03-16,19
29-03-16,21
29-03-16,21
29-03-16,21
29-03-16,22
29-03-16,22
29-03-16,22
29-03-16,22
29-03-16,22
29-03-16,22
29-03-16,21
29-03-16,21
29-03-16,21
29-03-16,21
29-03-16,21
29-03-16,21
29-03-16,21
29-03-16,21
29-03-16,21
29-03-16,21
29-03-16,21
29-03-16,21
29-03-16,21
29-03-16,21
29-03-16,21
29-03-16,21
29-03-16,21
29-03-16,21
29-03-16,21
29-03-16,21
29-03-16,21
29-03-16,21
29-03-16,21
29-03-16,21
29-03-16,21
29-03-16,21
29-03-16,21
30-03-16,19
30-03-16,19
30-03-16,19
30-03-16,19
30-03-16,19
30-03-16,19
30-03-16,19
30-03-16,19
30-03-16,19
30-03-16,19
30-03-16,19
30-03-16,19
31-03-16,20
31-03-16,20
31-03-16,20
31-03-16,20
31-03-16,20
31-03-16,20
31-03-16,20
31-03-16,20
31-03-16,20
31-03-16,20
31-03-16,20
31-03-16,20
31-03-16,20
31-03-16,20
31-03-16,20
31-03-16,20
31-03-16,20
31-03-16,20
31-03-16,20
31-03-16,20
31-03-16,20
31-03-16,20
31-03-16,20
31-03-16,20
31-03-16,19
31-03-16,19
31-03-16,19
31-03-16,19
31-03-16,19
31-03-16,19
31-03-16,19
31-03-16,19
31-03-16,19
31-03-16,19
31-03-16,19
31-03-16,19
31-03-16,19
31-03-16,19
31-03-16,19
31-03-16,19
31-03-16,19
31-03-16,19
31-03-16,19
31-03-16,19
31-03-16,19
31-03-16,19
31-03-16,19
31-03-16,19
31-03-16,20
31-03-16,20
31-03-16,20
31-03-16,19
31-03-16,19
31-03-16,19
31-03-16,19
31-03-16,19
31-03-16,19
31-03-16,19
31-03-16,19
31-03-16,19
31-03-16,19
31-03-16,19
31-03-16,19
31-03-16,19
31-03-16,19
31-03-16,19
31-03-16,19
31-03-16,19
31-03-16,19
31-03-16,19
31-03-16,19
31-03-16,19
31-03-16,19
31-03-16,19
31-03-16,19
31-03-16,19
31-03-16,19
31-03-16,19
31-03-16,19
31-03-16,19
31-03-16,19
31-03-16,19
31-03-16,19
31-03-16,19
31-03-16,19
31-03-16,19
31-03-16,19
31-03-16,19
31-03-16,19
31-03-16,19
31-03-16,19
31-03-16,19
31-03-16,19
31-03-16,21
31-03-16,21
31-03-16,21
31-03-16,21
31-03-16,21
31-03-16,21
01-04-16,19
01-04-16,19
01-04-16,19
01-04-16,19
01-04-16,19
01-04-16,19
01-04-16,20
01-04-16,20
01-04-16,20
01-04-16,18
01-04-16,18
01-04-16,18
04-04-16,19
04-04-16,19
04-04-16,19
04-04-16,19
04-04-16,19
04-04-16,19
04-04-16,19
04-04-16,19
04-04-16,19
05-04-16,18
05-04-16,18
05-04-16,18
05-04-16,18
05-04-16,18
05-04-16,18
05-04-16,18
05-04-16,18
05-04-16,18
05-04-16,18
05-04-16,18
05-04-16,18
05-04-16,18
05-04-16,18
05-04-16,18
05-04-16,18
05-04-16,18
05-04-16,18
05-04-16,18
05-04-16,18
05-04-16,18
05-04-16,18
05-04-16,18
05-04-16,18
05-04-16,18
05-04-16,18
05-04-16,18
05-04-16,21
05-04-16,21
05-04-16,21
05-04-16,21
05-04-16,21
05-04-16,21
05-04-16,19
05-04-16,19
05-04-16,19
05-04-16,19
05-04-16,19
05-04-16,19
05-04-16,21
05-04-16,21
05-04-16,21
05-04-16,21
05-04-16,21
05-04-16,21
05-04-16,21
05-04-16,21
05-04-16,21
05-04-16,21
05-04-16,21
05-04-16,21
05-04-16,19
05-04-16,19
05-04-16,19
05-04-16,19
05-04-16,19
05-04-16,19
05-04-16,21
05-04-16,21
05-04-16,21
06-04-16,20
06-04-16,20
06-04-16,20
06-04-16,20
06-04-16,20
06-04-16,20
06-04-16,20
06-04-16,20
06-04-16,20
06-04-16,21
06-04-16,21
3.40434E+17,0
06-04-16,21
06-04-16,21
1ZY01Y266827007771,0
06-04-16,21
06-04-16,21
2.09923E+11,0
06-04-16,21
06-04-16,21
7.70932E+13,0
06-04-16,21
06-04-16,21
8.84685E+11,0
06-04-16,21
06-04-16,21
AL004494753,0
06-04-16,21
06-04-16,21
AM0003849103,0
06-04-16,21
06-04-16,21
JJD1405044706724,0
06-04-16,21
06-04-16,21
PK1459948989,0
06-04-16,22
06-04-16,22
06-04-16,22
06-04-16,22
06-04-16,22
06-04-16,22
06-04-16,22
06-04-16,22
06-04-16,22
06-04-16,22
06-04-16,22
06-04-16,22
06-04-16,22
06-04-16,22
06-04-16,22
06-04-16,22
06-04-16,22
06-04-16,22
06-04-16,22
06-04-16,22
06-04-16,22
06-04-16,22
06-04-16,22
06-04-16,22
06-04-16,22
06-04-16,22
06-04-16,22
06-04-16,22
06-04-16,22
06-04-16,22
06-04-16,22
06-04-16,22
06-04-16,22
06-04-16,20
06-04-16,20
06-04-16,20
06-04-16,20
06-04-16,20
06-04-16,20
06-04-16,20
06-04-16,20
06-04-16,20
06-04-16,21
06-04-16,21
06-04-16,21
06-04-16,21
06-04-16,21
06-04-16,21
06-04-16,21
06-04-16,21
06-04-16,21
06-04-16,20
06-04-16,20
06-04-16,20
06-04-16,20
06-04-16,20
06-04-16,20
06-04-16,20
06-04-16,20
06-04-16,20
06-04-16,19
06-04-16,19
06-04-16,19
06-04-16,19
06-04-16,19
06-04-16,19
06-04-16,20
06-04-16,20
06-04-16,20
06-04-16,20
06-04-16,20
06-04-16,20
06-04-16,19
06-04-16,19
06-04-16,19
06-04-16,19
06-04-16,19
06-04-16,19
06-04-16,19
06-04-16,19
06-04-16,19
06-04-16,19
06-04-16,19
06-04-16,19
06-04-16,19
06-04-16,19
06-04-16,19
06-04-16,19
06-04-16,19
06-04-16,19
06-04-16,22
06-04-16,22
06-04-16,22
06-04-16,22
06-04-16,22
06-04-16,22
06-04-16,22
06-04-16,22
06-04-16,22
06-04-16,22
06-04-16,22
06-04-16,22
06-04-16,22
06-04-16,22
06-04-16,22
07-04-16,19
07-04-16,19
07-04-16,19
07-04-16,19
07-04-16,19
07-04-16,19
07-04-16,19
07-04-16,19
07-04-16,19
07-04-16,19
07-04-16,19
07-04-16,19
07-04-16,19
07-04-16,19
07-04-16,19
07-04-16,19
07-04-16,19
07-04-16,19
07-04-16,19
07-04-16,19
07-04-16,20
07-04-16,21
07-04-16,21
07-04-16,21
07-04-16,20
07-04-16,20
07-04-16,20
08-04-16,19
08-04-16,19
08-04-16,19
08-04-16,19
08-04-16,19
08-04-16,19
08-04-16,19
08-04-16,19
08-04-16,19
08-04-16,19
08-04-16,19
08-04-16,19
08-04-16,19
08-04-16,19
08-04-16,19
08-04-16,19
08-04-16,19
08-04-16,19
08-04-16,19
08-04-16,19
08-04-16,19
08-04-16,19
08-04-16,19
08-04-16,19
08-04-16,18
08-04-16,18
08-04-16,18
08-04-16,19
08-04-16,19
08-04-16,19
08-04-16,20
08-04-16,20
08-04-16,20
11-04-16,19
11-04-16,19
11-04-16,19
11-04-16,19
11-04-16,19
11-04-16,19
11-04-16,19
11-04-16,19
11-04-16,19
11-04-16,19
11-04-16,19
11-04-16,19
11-04-16,19
11-04-16,19
11-04-16,19
11-04-16,19
11-04-16,19
11-04-16,19
11-04-16,19
11-04-16,19
11-04-16,19
11-04-16,19
11-04-16,19
11-04-16,19
11-04-16,19
11-04-16,19
11-04-16,19
11-04-16,19
11-04-16,19
11-04-16,19
11-04-16,19
11-04-16,19
11-04-16,19
11-04-16,19
11-04-16,19
11-04-16,19
11-04-16,21
11-04-16,21
11-04-16,21
11-04-16,20
11-04-16,20
11-04-16,20
11-04-16,20
11-04-16,20
11-04-16,20
11-04-16,20
11-04-16,20
11-04-16,20
11-04-16,19
11-04-16,19
11-04-16,19
11-04-16,19
11-04-16,19
11-04-16,19
11-04-16,19
11-04-16,19
11-04-16,19
12-04-16,18
12-04-16,18
12-04-16,18
12-04-16,19
12-04-16,19
12-04-16,20
12-04-16,19
12-04-16,19
12-04-16,19
12-04-16,19
12-04-16,19
12-04-16,19
12-04-16,19
12-04-16,19
12-04-16,19
13-04-16,18
13-04-16,18
13-04-16,19
13-04-16,18
13-04-16,18
13-04-16,19
13-04-16,18
13-04-16,18
13-04-16,19
13-04-16,18
13-04-16,18
13-04-16,19
13-04-16,18
13-04-16,18
13-04-16,19
13-04-16,18
13-04-16,18
13-04-16,19
13-04-16,18
13-04-16,18
13-04-16,19
13-04-16,18
13-04-16,18
13-04-16,19
13-04-16,20
13-04-16,20
13-04-16,20
13-04-16,20
13-04-16,20
13-04-16,20
13-04-16,20
13-04-16,20
13-04-16,20
13-04-16,20
13-04-16,20
13-04-16,20
13-04-16,19
13-04-16,19
13-04-16,19
13-04-16,20
13-04-16,20
13-04-16,20
13-04-16,19
13-04-16,19
13-04-16,19
14-04-16,18
14-04-16,18
14-04-16,18
14-04-16,18
14-04-16,18
14-04-16,18
14-04-16,19
14-04-16,19
14-04-16,19
14-04-16,19
14-04-16,19
14-04-16,19
14-04-16,19
14-04-16,19
14-04-16,19
14-04-16,19
14-04-16,19
14-04-16,19
14-04-16,19
14-04-16,19
14-04-16,19
14-04-16,19
14-04-16,19
14-04-16,19
14-04-16,18
14-04-16,18
14-04-16,18
15-04-16,21
15-04-16,21
15-04-16,21
15-04-16,21
15-04-16,21
15-04-16,21
15-04-16,20
15-04-16,20
15-04-16,20
15-04-16,20
15-04-16,20
15-04-16,20
15-04-16,20
15-04-16,20
15-04-16,20
15-04-16,20
15-04-16,20
15-04-16,20
15-04-16,20
15-04-16,20
15-04-16,20
15-04-16,18
15-04-16,18
15-04-16,18
15-04-16,18
15-04-16,18
15-04-16,18
15-04-16,18
15-04-16,18
15-04-16,18
15-04-16,18
15-04-16,18
15-04-16,18
15-04-16,18
15-04-16,18
15-04-16,18
15-04-16,21
15-04-16,21
15-04-16,21
15-04-16,21
15-04-16,21
15-04-16,21
15-04-16,21
15-04-16,21
15-04-16,21
15-04-16,19
15-04-16,19
15-04-16,19
15-04-16,19
15-04-16,19
15-04-16,19
15-04-16,19
15-04-16,19
15-04-16,19
15-04-16,19
15-04-16,19
15-04-16,19
15-04-16,20
15-04-16,20
15-04-16,20
15-04-16,20
15-04-16,20
15-04-16,20
15-04-16,20
15-04-16,20
15-04-16,20
15-04-16,20
15-04-16,20
15-04-16,20
15-04-16,20
15-04-16,20
15-04-16,20
15-04-16,20
15-04-16,20
15-04-16,20
15-04-16,20
15-04-16,20
15-04-16,20
15-04-16,19
15-04-16,19
15-04-16,19
15-04-16,20
15-04-16,20
15-04-16,20
15-04-16,20
15-04-16,20
15-04-16,20
15-04-16,20
15-04-16,20
15-04-16,20
15-04-16,19
15-04-16,19
15-04-16,19
18-04-16,19
18-04-16,19
18-04-16,19
18-04-16,19
18-04-16,19
18-04-16,19
18-04-16,19
18-04-16,19
18-04-16,19
18-04-16,19
18-04-16,19
18-04-16,19
18-04-16,19
18-04-16,19
18-04-16,19
18-04-16,20
18-04-16,20
18-04-16,20
18-04-16,20
18-04-16,20
18-04-16,20
18-04-16,18
18-04-16,18
18-04-16,18
18-04-16,18
18-04-16,18
18-04-16,18
18-04-16,18
18-04-16,18
18-04-16,18
18-04-16,19
18-04-16,19
18-04-16,19
22-03-16,19
22-03-16,19
22-03-16,19
22-03-16,19
22-03-16,19
22-03-16,19
22-03-16,19
22-03-16,19
22-03-16,19
22-03-16,19
22-03-16,19
22-03-16,19
22-03-16,19
22-03-16,19
22-03-16,19
22-03-16,20
22-03-16,20
22-03-16,20
23-03-16,19
23-03-16,19
23-03-16,19
23-03-16,19
23-03-16,19
23-03-16,19
23-03-16,19
23-03-16,19
23-03-16,19
23-03-16,21
23-03-16,21
23-03-16,21
23-03-16,19
23-03-16,19
23-03-16,19
23-03-16,19
23-03-16,19
23-03-16,19
23-03-16,19
23-03-16,19
23-03-16,19
23-03-16,20
23-03-16,20
23-03-16,20
23-03-16,20
23-03-16,20
23-03-16,20
23-03-16,20
23-03-16,20
23-03-16,20
23-03-16,20
23-03-16,20
23-03-16,20
23-03-16,20
23-03-16,20
23-03-16,20
23-03-16,20
23-03-16,20
23-03-16,20
24-03-16,20
24-03-16,20
24-03-16,20
24-03-16,20
24-03-16,20
24-03-16,20
24-03-16,20
24-03-16,20
24-03-16,20
24-03-16,20
24-03-16,20
24-03-16,20
24-03-16,20
24-03-16,20
24-03-16,20
24-03-16,20
24-03-16,20
24-03-16,20
24-03-16,20
24-03-16,20
24-03-16,20
24-03-16,20
24-03-16,20
24-03-16,20
24-03-16,20
24-03-16,20
24-03-16,20
24-03-16,20
24-03-16,20
24-03-16,20
24-03-16,20
24-03-16,20
24-03-16,20
24-03-16,20
24-03-16,20
24-03-16,20
24-03-16,20
24-03-16,20
24-03-16,20
24-03-16,20
24-03-16,20
24-03-16,20
24-03-16,20
24-03-16,20
24-03-16,20
24-03-16,20
24-03-16,20
24-03-16,20
24-03-16,20
24-03-16,20
24-03-16,20
24-03-16,20
24-03-16,20
24-03-16,20
24-03-16,21
24-03-16,21
24-03-16,21
24-03-16,21
24-03-16,21
24-03-16,21
24-03-16,21
24-03-16,21
24-03-16,21
24-03-16,21
24-03-16,21
24-03-16,21
24-03-16,21
24-03-16,21
24-03-16,21
24-03-16,21
24-03-16,21
24-03-16,21
24-03-16,21
24-03-16,21
24-03-16,21
24-03-16,22
24-03-16,22
24-03-16,19
24-03-16,19
24-03-16,19
24-03-16,20
24-03-16,20
24-03-16,20
24-03-16,20
24-03-16,20
24-03-16,20
24-03-16,19
24-03-16,19
24-03-16,19
24-03-16,20
24-03-16,20
24-03-16,20
24-03-16,20
24-03-16,20
24-03-16,20
24-03-16,20
24-03-16,20
24-03-16,20
24-03-16,20
24-03-16,20
24-03-16,20
24-03-16,20
24-03-16,20
24-03-16,20
24-03-16,22
24-03-16,22
24-03-16,22
29-03-16,19
29-03-16,19
29-03-16,19
29-03-16,19
29-03-16,19
29-03-16,19
29-03-16,19
29-03-16,19
29-03-16,19
29-03-16,19
29-03-16,19
29-03-16,19
29-03-16,19
29-03-16,19
29-03-16,19
29-03-16,20
29-03-16,20
29-03-16,20
29-03-16,20
29-03-16,20
29-03-16,20
29-03-16,20
29-03-16,20
29-03-16,20
29-03-16,19
29-03-16,19
29-03-16,19
29-03-16,21
29-03-16,21
29-03-16,21
29-03-16,21
29-03-16,21
29-03-16,21
29-03-16,20
29-03-16,20
29-03-16,20
29-03-16,19
29-03-16,19
29-03-16,19
29-03-16,19
29-03-16,19
29-03-16,19
29-03-16,19
29-03-16,19
29-03-16,19
29-03-16,20
29-03-16,20
29-03-16,20
29-03-16,20
29-03-16,20
29-03-16,20
29-03-16,19
29-03-16,19
29-03-16,19
29-03-16,21
29-03-16,21
29-03-16,21
29-03-16,22
29-03-16,22
29-03-16,22
29-03-16,22
29-03-16,22
29-03-16,22
29-03-16,21
29-03-16,21
29-03-16,21
29-03-16,21
29-03-16,21
29-03-16,21
29-03-16,21
29-03-16,21
29-03-16,21
29-03-16,21
29-03-16,21
29-03-16,21
29-03-16,21
29-03-16,21
29-03-16,21
29-03-16,21
29-03-16,21
29-03-16,21
29-03-16,21
29-03-16,21
29-03-16,21
29-03-16,21
29-03-16,21
29-03-16,21
29-03-16,21
29-03-16,21
29-03-16,21
30-03-16,19
30-03-16,19
30-03-16,19
30-03-16,19
30-03-16,19
30-03-16,19
30-03-16,19
30-03-16,19
30-03-16,19
30-03-16,19
30-03-16,19
30-03-16,19
31-03-16,20
31-03-16,20
31-03-16,20
31-03-16,20
31-03-16,20
31-03-16,20
31-03-16,20
31-03-16,20
31-03-16,20
31-03-16,20
31-03-16,20
31-03-16,20
31-03-16,20
31-03-16,20
31-03-16,20
31-03-16,20
31-03-16,20
31-03-16,20
31-03-16,20
31-03-16,20
31-03-16,20
31-03-16,20
31-03-16,20
31-03-16,20
31-03-16,19
31-03-16,19
31-03-16,19
31-03-16,19
31-03-16,19
31-03-16,19
31-03-16,19
31-03-16,19
31-03-16,19
31-03-16,19
31-03-16,19
31-03-16,19
31-03-16,19
31-03-16,19
31-03-16,19
31-03-16,19
31-03-16,19
31-03-16,19
31-03-16,19
31-03-16,19
31-03-16,19
31-03-16,19
31-03-16,19
31-03-16,19
31-03-16,20
31-03-16,20
31-03-16,20
31-03-16,19
31-03-16,19
31-03-16,19
31-03-16,19
31-03-16,19
31-03-16,19
31-03-16,19
31-03-16,19
31-03-16,19
31-03-16,19
31-03-16,19
31-03-16,19
31-03-16,19
31-03-16,19
31-03-16,19
31-03-16,19
31-03-16,19
31-03-16,19
31-03-16,19
31-03-16,19
31-03-16,19
31-03-16,19
31-03-16,19
31-03-16,19
31-03-16,19
31-03-16,19
31-03-16,19
31-03-16,19
31-03-16,19
31-03-16,19
31-03-16,19
31-03-16,19
31-03-16,19
31-03-16,19
31-03-16,19
31-03-16,19
31-03-16,19
31-03-16,19
31-03-16,19
31-03-16,19
31-03-16,19
31-03-16,19
31-03-16,21
31-03-16,21
31-03-16,21
31-03-16,21
31-03-16,21
31-03-16,21
01-04-16,19
01-04-16,19
01-04-16,19
01-04-16,19
01-04-16,19
01-04-16,19
01-04-16,20
01-04-16,20
01-04-16,20
01-04-16,18
01-04-16,18
01-04-16,18
04-04-16,19
04-04-16,19
04-04-16,19
04-04-16,19
04-04-16,19
04-04-16,19
04-04-16,19
04-04-16,19
04-04-16,19
05-04-16,18
05-04-16,18
05-04-16,18
05-04-16,18
05-04-16,18
05-04-16,18
05-04-16,18
05-04-16,18
05-04-16,18
05-04-16,18
05-04-16,18
05-04-16,18
05-04-16,18
05-04-16,18
05-04-16,18
05-04-16,18
05-04-16,18
05-04-16,18
05-04-16,18
05-04-16,18
05-04-16,18
05-04-16,18
05-04-16,18
05-04-16,18
05-04-16,18
05-04-16,18
05-04-16,18
05-04-16,21
05-04-16,21
05-04-16,21
05-04-16,21
05-04-16,21
05-04-16,21
05-04-16,19
05-04-16,19
05-04-16,19
05-04-16,19
05-04-16,19
05-04-16,19
05-04-16,21
05-04-16,21
05-04-16,21
05-04-16,21
05-04-16,21
05-04-16,21
05-04-16,21
05-04-16,21
05-04-16,21
05-04-16,21
05-04-16,21
05-04-16,21
05-04-16,19
05-04-16,19
05-04-16,19
05-04-16,19
05-04-16,19
05-04-16,19
05-04-16,21
05-04-16,21
05-04-16,21
06-04-16,20
06-04-16,20
06-04-16,20
06-04-16,20
06-04-16,20
06-04-16,20
06-04-16,20
06-04-16,20
06-04-16,20
06-04-16,21
06-04-16,21
3.40434E+17,0
06-04-16,21
06-04-16,21
1ZY01Y266827007771,0
06-04-16,21
06-04-16,21
2.09923E+11,0
06-04-16,21
06-04-16,21
7.70932E+13,0
06-04-16,21
06-04-16,21
8.84685E+11,0
06-04-16,21
06-04-16,21
AL004494753,0
06-04-16,21
06-04-16,21
AM0003849103,0
06-04-16,21
06-04-16,21
JJD1405044706724,0
06-04-16,21
06-04-16,21
PK1459948989,0
06-04-16,22
06-04-16,22
06-04-16,22
06-04-16,22
06-04-16,22
06-04-16,22
06-04-16,22
06-04-16,22
06-04-16,22
06-04-16,22
06-04-16,22
06-04-16,22
06-04-16,22
06-04-16,22
06-04-16,22
06-04-16,22
06-04-16,22
06-04-16,22
06-04-16,22
06-04-16,22
06-04-16,22
06-04-16,22
06-04-16,22
06-04-16,22
06-04-16,22
06-04-16,22
06-04-16,22
06-04-16,22
06-04-16,22
06-04-16,22
06-04-16,22
06-04-16,22
06-04-16,22
06-04-16,20
06-04-16,20
06-04-16,20
06-04-16,20
06-04-16,20
06-04-16,20
06-04-16,20
06-04-16,20
06-04-16,20
06-04-16,21
06-04-16,21
06-04-16,21
06-04-16,21
06-04-16,21
06-04-16,21
06-04-16,21
06-04-16,21
06-04-16,21
06-04-16,20
06-04-16,20
06-04-16,20
06-04-16,20
06-04-16,20
06-04-16,20
06-04-16,20
06-04-16,20
06-04-16,20
06-04-16,19
06-04-16,19
06-04-16,19
06-04-16,19
06-04-16,19
06-04-16,19
06-04-16,20
06-04-16,20
06-04-16,20
06-04-16,20
06-04-16,20
06-04-16,20
06-04-16,19
06-04-16,19
06-04-16,19
06-04-16,19
06-04-16,19
06-04-16,19
06-04-16,19
06-04-16,19
06-04-16,19
06-04-16,19
06-04-16,19
06-04-16,19
06-04-16,19
06-04-16,19
06-04-16,19
06-04-16,19
06-04-16,19
06-04-16,19
06-04-16,22
06-04-16,22
06-04-16,22
06-04-16,22
06-04-16,22
06-04-16,22
06-04-16,22
06-04-16,22
06-04-16,22
06-04-16,22
06-04-16,22
06-04-16,22
06-04-16,22
06-04-16,22
06-04-16,22
07-04-16,19
07-04-16,19
07-04-16,19
07-04-16,19
07-04-16,19
07-04-16,19
07-04-16,19
07-04-16,19
07-04-16,19
07-04-16,19
07-04-16,19
07-04-16,19
07-04-16,19
07-04-16,19
07-04-16,19
07-04-16,19
07-04-16,19
07-04-16,19
07-04-16,19
07-04-16,19
07-04-16,20
07-04-16,21
07-04-16,21
07-04-16,21
07-04-16,20
07-04-16,20
07-04-16,20
08-04-16,19
08-04-16,19
08-04-16,19
08-04-16,19
08-04-16,19
08-04-16,19
08-04-16,19
08-04-16,19
08-04-16,19
08-04-16,19
08-04-16,19
08-04-16,19
08-04-16,19
08-04-16,19
08-04-16,19
08-04-16,19
08-04-16,19
08-04-16,19
08-04-16,19
08-04-16,19
08-04-16,19
08-04-16,19
08-04-16,19
08-04-16,19
08-04-16,18
08-04-16,18
08-04-16,18
08-04-16,19
08-04-16,19
08-04-16,19
08-04-16,20
08-04-16,20
08-04-16,20
11-04-16,19
11-04-16,19
11-04-16,19
11-04-16,19
11-04-16,19
11-04-16,19
11-04-16,19
11-04-16,19
11-04-16,19
11-04-16,19
11-04-16,19
11-04-16,19
11-04-16,19
11-04-16,19
11-04-16,19
11-04-16,19
11-04-16,19
11-04-16,19
11-04-16,19
11-04-16,19
11-04-16,19
11-04-16,19
11-04-16,19
11-04-16,19
11-04-16,19
11-04-16,19
11-04-16,19
11-04-16,19
11-04-16,19
11-04-16,19
11-04-16,19
11-04-16,19
11-04-16,19
11-04-16,19
11-04-16,19
11-04-16,19
11-04-16,21
11-04-16,21
11-04-16,21
11-04-16,20
11-04-16,20
11-04-16,20
11-04-16,20
11-04-16,20
11-04-16,20
11-04-16,20
11-04-16,20
11-04-16,20
11-04-16,19
11-04-16,19
11-04-16,19
11-04-16,19
11-04-16,19
11-04-16,19
11-04-16,19
11-04-16,19
11-04-16,19
12-04-16,18
12-04-16,18
12-04-16,18
12-04-16,19
12-04-16,19
12-04-16,20
12-04-16,19
12-04-16,19
12-04-16,19
12-04-16,19
12-04-16,19
12-04-16,19
12-04-16,19
12-04-16,19
12-04-16,19
13-04-16,18
13-04-16,18
13-04-16,19
13-04-16,18
13-04-16,18
13-04-16,19
13-04-16,18
13-04-16,18
13-04-16,19
13-04-16,18
13-04-16,18
13-04-16,19
13-04-16,18
13-04-16,18
13-04-16,19
13-04-16,18
13-04-16,18
13-04-16,19
13-04-16,18
13-04-16,18
13-04-16,19
13-04-16,18
13-04-16,18
13-04-16,19
13-04-16,20
13-04-16,20
13-04-16,20
13-04-16,20
13-04-16,20
13-04-16,20
13-04-16,20
13-04-16,20
13-04-16,20
13-04-16,20
13-04-16,20
13-04-16,20
13-04-16,19
13-04-16,19
13-04-16,19
13-04-16,20
13-04-16,20
13-04-16,20
13-04-16,19
13-04-16,19
13-04-16,19
14-04-16,18
14-04-16,18
14-04-16,18
14-04-16,18
14-04-16,18
14-04-16,18
14-04-16,19
14-04-16,19
14-04-16,19
14-04-16,19
14-04-16,19
14-04-16,19
14-04-16,19
14-04-16,19
14-04-16,19
14-04-16,19
14-04-16,19
14-04-16,19
14-04-16,19
14-04-16,19
14-04-16,19
14-04-16,19
14-04-16,19
14-04-16,19
14-04-16,18
14-04-16,18
14-04-16,18
15-04-16,21
15-04-16,21
15-04-16,21
15-04-16,21
15-04-16,21
15-04-16,21
15-04-16,20
15-04-16,20
15-04-16,20
15-04-16,20
15-04-16,20
15-04-16,20
15-04-16,20
15-04-16,20
15-04-16,20
15-04-16,20
15-04-16,20
15-04-16,20
15-04-16,20
15-04-16,20
15-04-16,20
15-04-16,18
15-04-16,18
15-04-16,18
15-04-16,18
15-04-16,18
15-04-16,18
15-04-16,18
15-04-16,18
15-04-16,18
15-04-16,18
15-04-16,18
15-04-16,18
15-04-16,18
15-04-16,18
15-04-16,18
15-04-16,21
15-04-16,21
15-04-16,21
15-04-16,21
15-04-16,21
15-04-16,21
15-04-16,21
15-04-16,21
15-04-16,21
15-04-16,19
15-04-16,19
15-04-16,19
15-04-16,19
15-04-16,19
15-04-16,19
15-04-16,19
15-04-16,19
15-04-16,19
15-04-16,19
15-04-16,19
15-04-16,19
15-04-16,20
15-04-16,20
15-04-16,20
15-04-16,20
15-04-16,20
15-04-16,20
15-04-16,20
15-04-16,20
15-04-16,20
15-04-16,20
15-04-16,20
15-04-16,20
15-04-16,20
15-04-16,20
15-04-16,20
15-04-16,20
15-04-16,20
15-04-16,20
15-04-16,20
15-04-16,20
15-04-16,20
15-04-16,19
15-04-16,19
15-04-16,19
15-04-16,20
15-04-16,20
15-04-16,20
15-04-16,20
15-04-16,20
15-04-16,20
15-04-16,20
15-04-16,20
15-04-16,20
15-04-16,19
15-04-16,19
15-04-16,19
18-04-16,19
18-04-16,19
18-04-16,19
18-04-16,19
18-04-16,19
18-04-16,19
18-04-16,19
18-04-16,19
18-04-16,19
18-04-16,19
18-04-16,19
18-04-16,19
18-04-16,19
18-04-16,19
18-04-16,19
18-04-16,20
18-04-16,20
18-04-16,20
18-04-16,20
18-04-16,20
18-04-16,20
18-04-16,18
18-04-16,18
18-04-16,18
18-04-16,18
18-04-16,18
18-04-16,18
18-04-16,18
18-04-16,18
18-04-16,18
18-04-16,19
18-04-16,19
18-04-16,19
14-06-16,20
14-06-16,20
14-06-16,20
14-06-16,20
14-06-16,20
14-06-16,20
14-06-16,19
14-06-16,19
14-06-16,19
14-06-16,19
14-06-16,19
14-06-16,19
14-06-16,19
14-06-16,19
14-06-16,19
14-06-16,19
14-06-16,19
14-06-16,19
14-06-16,19
14-06-16,19
14-06-16,19
14-06-16,19
14-06-16,19
14-06-16,19
14-06-16,20
14-06-16,20
14-06-16,20
14-06-16,20
14-06-16,20
14-06-16,20
14-06-16,20
14-06-16,20
14-06-16,20
14-06-16,20
14-06-16,20
14-06-16,20
14-06-16,18
14-06-16,18
14-06-16,18
15-06-16,19
15-06-16,19
15-06-16,19
15-06-16,19
15-06-16,19
15-06-16,19
15-06-16,19
15-06-16,19
15-06-16,19
15-06-16,18
15-06-16,18
15-06-16,18
15-06-16,18
15-06-16,18
15-06-16,18
15-06-16,18
15-06-16,18
15-06-16,18
15-06-16,19
15-06-16,19
15-06-16,20
15-06-16,19
15-06-16,19
15-06-16,20
15-06-16,19
15-06-16,19
15-06-16,19
15-06-16,19
15-06-16,19
15-06-16,19
16-06-16,18
16-06-16,18
16-06-16,19
16-06-16,18
16-06-16,18
16-06-16,19
16-06-16,18
16-06-16,18
16-06-16,19
16-06-16,18
16-06-16,18
16-06-16,19
16-06-16,19
16-06-16,19
16-06-16,19
16-06-16,21
16-06-16,21
16-06-16,21
16-06-16,19
16-06-16,19
16-06-16,19
16-06-16,19
16-06-16,19
16-06-16,19
16-06-16,19
16-06-16,19
16-06-16,19
16-06-16,19
16-06-16,19
16-06-16,19
16-06-16,19
16-06-16,19
16-06-16,19
16-06-16,19
16-06-16,19
16-06-16,19
16-06-16,18
16-06-16,18
16-06-16,18
16-06-16,18
16-06-16,18
16-06-16,18
16-06-16,18
16-06-16,18
16-06-16,18
16-06-16,18
16-06-16,18
16-06-16,18
16-06-16,20
16-06-16,20
16-06-16,20
17-06-16,20
17-06-16,20
17-06-16,20
17-06-16,20
17-06-16,20
17-06-16,20
17-06-16,20
17-06-16,20
17-06-16,20
17-06-16,20
17-06-16,20
17-06-16,20
17-06-16,19
17-06-16,19
17-06-16,19
17-06-16,19
17-06-16,19
17-06-16,19
17-06-16,19
17-06-16,19
17-06-16,19
20-06-16,20
20-06-16,20
20-06-16,20
20-06-16,20
20-06-16,20
20-06-16,20
20-06-16,20
20-06-16,20
20-06-16,20
20-06-16,20
20-06-16,20
20-06-16,20
20-06-16,20
20-06-16,20
20-06-16,20
20-06-16,19
20-06-16,19
20-06-16,19
20-06-16,19
20-06-16,19
20-06-16,19
20-06-16,19
20-06-16,19
20-06-16,19
20-06-16,19
20-06-16,19
20-06-16,19
20-06-16,18
20-06-16,18
20-06-16,18
20-06-16,18
20-06-16,18
20-06-16,18
20-06-16,18
20-06-16,18
20-06-16,18
20-06-16,19
20-06-16,19
20-06-16,19
20-06-16,19
20-06-16,19
20-06-16,19
20-06-16,20
20-06-16,20
20-06-16,20
20-06-16,20
20-06-16,20
20-06-16,20
20-06-16,20
20-06-16,20
20-06-16,20
20-06-16,20
20-06-16,20
20-06-16,20
20-06-16,20
20-06-16,20
20-06-16,20
20-06-16,18
20-06-16,18
20-06-16,18
21-06-16,19
21-06-16,19
21-06-16,19
21-06-16,19
21-06-16,19
21-06-16,19
21-06-16,18
21-06-16,18
21-06-16,19
21-06-16,18
21-06-16,18
21-06-16,19
21-06-16,18
21-06-16,18
21-06-16,19
21-06-16,18
21-06-16,18
21-06-16,19
21-06-16,18
21-06-16,18
21-06-16,19
21-06-16,18
21-06-16,18
21-06-16,19
21-06-16,18
21-06-16,18
21-06-16,19
21-06-16,18
21-06-16,18
21-06-16,19
21-06-16,20
21-06-16,20
21-06-16,20
21-06-16,20
21-06-16,20
21-06-16,20
21-06-16,20
21-06-16,20
21-06-16,20
21-06-16,20
21-06-16,20
21-06-16,20
22-06-16,21
22-06-16,21
22-06-16,21
22-06-16,21
22-06-16,21
22-06-16,21
22-06-16,21
22-06-16,21
22-06-16,21
22-06-16,21
22-06-16,21
22-06-16,21
22-06-16,19
22-06-16,19
22-06-16,20
22-06-16,19
22-06-16,19
22-06-16,20
22-06-16,19
22-06-16,19
22-06-16,20
22-06-16,19
22-06-16,19
22-06-16,20
22-06-16,19
22-06-16,19
22-06-16,20
22-06-16,20
22-06-16,20
22-06-16,20
22-06-16,21
22-06-16,21
22-06-16,21
22-06-16,21
22-06-16,21
22-06-16,21
22-06-16,21
22-06-16,21
22-06-16,21
22-06-16,21
22-06-16,21
22-06-16,21
22-06-16,21
22-06-16,21
22-06-16,21
22-06-16,19
22-06-16,19
22-06-16,19
22-06-16,19
22-06-16,19
22-06-16,19
22-06-16,19
22-06-16,19
22-06-16,19
22-06-16,19
22-06-16,19
22-06-16,19
22-06-16,19
22-06-16,19
22-06-16,19
22-06-16,19
22-06-16,19
22-06-16,19
22-06-16,19
22-06-16,19
22-06-16,19
22-06-16,19
22-06-16,19
22-06-16,19
22-06-16,19
22-06-16,19
22-06-16,19
23-06-16,21
23-06-16,22
23-06-16,22
23-06-16,21
23-06-16,22
23-06-16,22
23-06-16,21
23-06-16,22
23-06-16,22
23-06-16,21
23-06-16,22
23-06-16,22
23-06-16,21
23-06-16,22
23-06-16,22
23-06-16,21
23-06-16,22
23-06-16,22
23-06-16,21
23-06-16,22
23-06-16,22
23-06-16,20
23-06-16,20
23-06-16,21
23-06-16,20
23-06-16,20
23-06-16,20
23-06-16,20
23-06-16,20
23-06-16,20
23-06-16,20
23-06-16,20
23-06-16,20
23-06-16,20
23-06-16,20
23-06-16,20
23-06-16,20
23-06-16,20
23-06-16,20
23-06-16,21
23-06-16,21
23-06-16,21
23-06-16,20
23-06-16,20
23-06-16,20
23-06-16,20
23-06-16,20
23-06-16,20
23-06-16,20
23-06-16,20
23-06-16,20
23-06-16,20
23-06-16,20
23-06-16,20
23-06-16,21
23-06-16,21
23-06-16,21
23-06-16,21
23-06-16,21
23-06-16,21
23-06-16,22
23-06-16,22
23-06-16,22
23-06-16,22
23-06-16,22
23-06-16,22
23-06-16,21
23-06-16,21
23-06-16,21
23-06-16,21
23-06-16,21
23-06-16,21
23-06-16,21
23-06-16,21
23-06-16,21
23-06-16,21
23-06-16,21
23-06-16,21
23-06-16,21
23-06-16,21
23-06-16,21
23-06-16,21
23-06-16,21
23-06-16,21
23-06-16,21
23-06-16,21
23-06-16,21
23-06-16,21
23-06-16,21
23-06-16,21
23-06-16,21
23-06-16,21
23-06-16,21
23-06-16,21
23-06-16,21
23-06-16,21
23-06-16,20
23-06-16,20
23-06-16,20
23-06-16,20
23-06-16,20
23-06-16,20
24-06-16,20
24-06-16,20
24-06-16,20
24-06-16,20
24-06-16,20
24-06-16,20
24-06-16,20
24-06-16,20
24-06-16,20
24-06-16,20
24-06-16,20
24-06-16,20
24-06-16,20
24-06-16,20
24-06-16,20
24-06-16,21
24-06-16,21
24-06-16,21
24-06-16,21
24-06-16,21
24-06-16,21
24-06-16,21
24-06-16,21
24-06-16,21
24-06-16,21
24-06-16,21
24-06-16,21
24-06-16,21
24-06-16,21
24-06-16,21
24-06-16,20
24-06-16,20
24-06-16,20
24-06-16,20
24-06-16,20
24-06-16,20
24-06-16,20
24-06-16,20
24-06-16,20
24-06-16,20
24-06-16,20
24-06-16,20
24-06-16,20
24-06-16,20
24-06-16,20
24-06-16,20
24-06-16,20
24-06-16,20
24-06-16,19
24-06-16,19
24-06-16,19
24-06-16,19
24-06-16,19
24-06-16,19
24-06-16,20
24-06-16,20
24-06-16,20
24-06-16,19
24-06-16,19
24-06-16,19
24-06-16,19
24-06-16,19
24-06-16,19
24-06-16,19
24-06-16,19
24-06-16,19
24-06-16,19
24-06-16,19
24-06-16,19
24-06-16,19
24-06-16,19
24-06-16,19
24-06-16,19
24-06-16,19
24-06-16,19
24-06-16,20
24-06-16,20
24-06-16,20
24-06-16,20
24-06-16,20
24-06-16,20
27-06-16,19
27-06-16,19
27-06-16,19
27-06-16,19
27-06-16,19
27-06-16,19
27-06-16,19
27-06-16,19
27-06-16,19
27-06-16,21
27-06-16,21
27-06-16,21
27-06-16,21
27-06-16,21
27-06-16,21
27-06-16,21
27-06-16,21
27-06-16,21
27-06-16,21
27-06-16,21
27-06-16,21
27-06-16,21
27-06-16,21
27-06-16,21
27-06-16,21
27-06-16,21
27-06-16,21
27-06-16,21
27-06-16,21
27-06-16,21
27-06-16,21
27-06-16,21
27-06-16,21
27-06-16,21
27-06-16,21
27-06-16,21
27-06-16,18
27-06-16,18
27-06-16,18
27-06-16,18
27-06-16,18
27-06-16,18
27-06-16,18
27-06-16,18
27-06-16,18
27-06-16,18
27-06-16,18
27-06-16,18
27-06-16,21
27-06-16,21
27-06-16,21
27-06-16,19
27-06-16,19
27-06-16,19
28-06-16,19
28-06-16,19
28-06-16,19
28-06-16,19
28-06-16,19
28-06-16,19
28-06-16,19
28-06-16,19
28-06-16,19
28-06-16,19
28-06-16,19
28-06-16,19
28-06-16,21
28-06-16,21
28-06-16,21
28-06-16,20
28-06-16,20
28-06-16,20
28-06-16,20
28-06-16,20
28-06-16,20
28-06-16,20
28-06-16,20
28-06-16,21
28-06-16,20
28-06-16,20
28-06-16,21
28-06-16,20
28-06-16,20
28-06-16,21
28-06-16,20
28-06-16,20
28-06-16,21
28-06-16,20
28-06-16,20
28-06-16,21
28-06-16,20
28-06-16,20
28-06-16,21
28-06-16,20
28-06-16,20
28-06-16,21
28-06-16,20
28-06-16,20
28-06-16,21
28-06-16,20
28-06-16,20
28-06-16,21
28-06-16,20
28-06-16,20
28-06-16,21
28-06-16,20
28-06-16,20
28-06-16,20
28-06-16,19
28-06-16,19
28-06-16,19
29-06-16,19
29-06-16,19
29-06-16,19
29-06-16,20
29-06-16,20
29-06-16,20
29-06-16,20
29-06-16,20
29-06-16,20
29-06-16,20
29-06-16,20
29-06-16,20
29-06-16,20
29-06-16,20
29-06-16,20
29-06-16,19
29-06-16,19
29-06-16,19
29-06-16,19
29-06-16,19
29-06-16,19
29-06-16,19
29-06-16,19
29-06-16,19
29-06-16,19
29-06-16,19
29-06-16,19
29-06-16,20
29-06-16,20
29-06-16,20
29-06-16,19
29-06-16,19
29-06-16,19
29-06-16,19
29-06-16,19
29-06-16,19
29-06-16,19
29-06-16,19
29-06-16,19
29-06-16,19
29-06-16,19
29-06-16,19
30-06-16,20
30-06-16,20
30-06-16,20
30-06-16,20
30-06-16,20
30-06-16,20
30-06-16,20
30-06-16,20
30-06-16,20
30-06-16,20
30-06-16,20
30-06-16,20
30-06-16,20
30-06-16,20
30-06-16,20
30-06-16,20
30-06-16,20
30-06-16,20
30-06-16,20
30-06-16,20
30-06-16,20
30-06-16,18
30-06-16,18
30-06-16,18
30-06-16,20
30-06-16,20
30-06-16,20
30-06-16,20
30-06-16,20
30-06-16,20
30-06-16,21
30-06-16,21
30-06-16,21
30-06-16,18
30-06-16,18
30-06-16,19
30-06-16,18
30-06-16,18
30-06-16,18
30-06-16,18
30-06-16,18
30-06-16,18
30-06-16,18
30-06-16,18
30-06-16,18
19-04-16,19
19-04-16,19
19-04-16,19
19-04-16,18
19-04-16,18
19-04-16,18
19-04-16,19
19-04-16,19
19-04-16,19
19-04-16,18
19-04-16,18
19-04-16,18
19-04-16,18
19-04-16,18
19-04-16,18
19-04-16,18
19-04-16,18
19-04-16,18
19-04-16,18
19-04-16,18
19-04-16,18
19-04-16,18
19-04-16,18
19-04-16,18
19-04-16,19
19-04-16,19
19-04-16,19
19-04-16,19
19-04-16,19
19-04-16,19
20-04-16,19
20-04-16,19
20-04-16,19
20-04-16,19
20-04-16,19
20-04-16,19
20-04-16,19
20-04-16,19
20-04-16,19
20-04-16,18
20-04-16,18
20-04-16,18
20-04-16,20
20-04-16,20
20-04-16,20
20-04-16,18
20-04-16,18
20-04-16,18
20-04-16,18
20-04-16,18
20-04-16,18
20-04-16,18
20-04-16,18
20-04-16,18
20-04-16,18
20-04-16,18
20-04-16,18
20-04-16,20
20-04-16,20
20-04-16,20
20-04-16,20
20-04-16,20
20-04-16,20
20-04-16,20
20-04-16,20
20-04-16,20
20-04-16,20
20-04-16,20
20-04-16,20
20-04-16,20
20-04-16,20
20-04-16,20
20-04-16,20
20-04-16,20
20-04-16,20
21-04-16,19
21-04-16,19
21-04-16,19
21-04-16,19
21-04-16,19
21-04-16,19
21-04-16,19
21-04-16,19
21-04-16,19
21-04-16,19
21-04-16,19
21-04-16,19
21-04-16,19
21-04-16,19
21-04-16,19
21-04-16,19
21-04-16,19
21-04-16,19
21-04-16,20
21-04-16,20
21-04-16,20
21-04-16,20
21-04-16,20
21-04-16,20
21-04-16,20
21-04-16,20
21-04-16,20
21-04-16,20
21-04-16,20
21-04-16,20
21-04-16,20
21-04-16,20
21-04-16,20
21-04-16,20
21-04-16,20
21-04-16,20
21-04-16,20
21-04-16,20
21-04-16,20
21-04-16,20
21-04-16,20
21-04-16,20
21-04-16,20
21-04-16,20
21-04-16,20
21-04-16,20
21-04-16,20
21-04-16,20
21-04-16,20
21-04-16,20
21-04-16,20
21-04-16,20
21-04-16,20
21-04-16,20
21-04-16,20
21-04-16,20
21-04-16,20
21-04-16,20
21-04-16,20
21-04-16,20
21-04-16,20
21-04-16,20
21-04-16,20
21-04-16,18
21-04-16,18
21-04-16,18
21-04-16,18
21-04-16,18
21-04-16,18
21-04-16,18
21-04-16,18
21-04-16,18
21-04-16,18
21-04-16,18
21-04-16,18
21-04-16,18
21-04-16,18
21-04-16,18
21-04-16,18
21-04-16,18
21-04-16,18
21-04-16,18
21-04-16,18
21-04-16,18
21-04-16,21
21-04-16,21
21-04-16,21
21-04-16,19
21-04-16,19
21-04-16,19
21-04-16,19
21-04-16,19
21-04-16,19
21-04-16,19
21-04-16,19
21-04-16,19
21-04-16,19
21-04-16,19
21-04-16,19
21-04-16,19
21-04-16,19
21-04-16,19
21-04-16,19
21-04-16,19
21-04-16,19
21-04-16,19
21-04-16,19
21-04-16,19
21-04-16,19
21-04-16,19
21-04-16,19
21-04-16,19
21-04-16,19
21-04-16,19
21-04-16,21
21-04-16,21
21-04-16,21
21-04-16,21
21-04-16,21
21-04-16,21
21-04-16,21
21-04-16,21
21-04-16,21
22-04-16,20
22-04-16,20
22-04-16,20
22-04-16,20
22-04-16,20
22-04-16,20
22-04-16,20
22-04-16,20
22-04-16,20
22-04-16,20
22-04-16,20
22-04-16,20
22-04-16,20
22-04-16,20
22-04-16,20
22-04-16,20
22-04-16,20
22-04-16,20
22-04-16,20
22-04-16,20
22-04-16,21
22-04-16,20
22-04-16,20
22-04-16,21
22-04-16,20
22-04-16,20
22-04-16,20
22-04-16,21
22-04-16,21
22-04-16,21
22-04-16,20
22-04-16,20
22-04-16,20
22-04-16,20
22-04-16,20
22-04-16,20
22-04-16,20
22-04-16,20
22-04-16,20
27-04-16,19
27-04-16,19
27-04-16,19
27-04-16,18
27-04-16,18
27-04-16,18
27-04-16,18
27-04-16,18
27-04-16,18
27-04-16,18
27-04-16,18
27-04-16,18
27-04-16,19
27-04-16,19
27-04-16,19
27-04-16,20
27-04-16,20
27-04-16,20
27-04-16,20
27-04-16,20
27-04-16,20
27-04-16,20
27-04-16,20
27-04-16,20
27-04-16,20
27-04-16,20
27-04-16,20
27-04-16,20
27-04-16,20
27-04-16,20
27-04-16,20
27-04-16,20
27-04-16,20
27-04-16,18
27-04-16,18
27-04-16,18
27-04-16,18
27-04-16,18
27-04-16,18
27-04-16,18
27-04-16,18
27-04-16,18
27-04-16,21
27-04-16,21
27-04-16,21
28-04-16,19
28-04-16,19
28-04-16,19
28-04-16,19
28-04-16,19
28-04-16,19
28-04-16,19
28-04-16,19
28-04-16,19
28-04-16,19
28-04-16,19
28-04-16,20
28-04-16,21
28-04-16,21
28-04-16,21
28-04-16,21
28-04-16,21
28-04-16,21
28-04-16,21
28-04-16,21
28-04-16,21
28-04-16,21
28-04-16,21
28-04-16,21
28-04-16,21
28-04-16,21
28-04-16,21
28-04-16,21
28-04-16,21
28-04-16,21
28-04-16,21
28-04-16,21
28-04-16,21
28-04-16,21
28-04-16,21
28-04-16,21
28-04-16,21
28-04-16,21
28-04-16,21
28-04-16,21
28-04-16,21
28-04-16,21
28-04-16,20
28-04-16,20
28-04-16,20
28-04-16,19
28-04-16,19
28-04-16,19
28-04-16,19
28-04-16,19
28-04-16,19
28-04-16,19
28-04-16,19
28-04-16,19
28-04-16,19
28-04-16,19
28-04-16,19
28-04-16,19
28-04-16,19
28-04-16,19
28-04-16,19
28-04-16,19
28-04-16,19
28-04-16,21
28-04-16,21
28-04-16,21
28-04-16,21
28-04-16,21
28-04-16,21
28-04-16,21
28-04-16,21
28-04-16,21
28-04-16,21
28-04-16,21
28-04-16,21
28-04-16,21
28-04-16,21
28-04-16,21
28-04-16,21
28-04-16,21
28-04-16,21
28-04-16,21
28-04-16,21
28-04-16,21
28-04-16,21
28-04-16,21
28-04-16,21
28-04-16,21
28-04-16,21
28-04-16,21
29-04-16,20
29-04-16,20
29-04-16,20
29-04-16,20
29-04-16,20
29-04-16,20
29-04-16,20
29-04-16,20
29-04-16,20
29-04-16,20
29-04-16,20
29-04-16,20
29-04-16,20
29-04-16,20
29-04-16,20
29-04-16,20
29-04-16,20
29-04-16,20
29-04-16,20
29-04-16,20
29-04-16,20
29-04-16,20
29-04-16,20
29-04-16,20
29-04-16,19
29-04-16,19
29-04-16,19
29-04-16,20
29-04-16,20
29-04-16,20
29-04-16,19
29-04-16,19
29-04-16,19
29-04-16,21
29-04-16,21
29-04-16,21
29-04-16,21
29-04-16,21
29-04-16,21
29-04-16,21
29-04-16,21
29-04-16,21
29-04-16,21
29-04-16,21
29-04-16,21
29-04-16,21
29-04-16,21
29-04-16,21
29-04-16,20
29-04-16,20
29-04-16,21
29-04-16,20
29-04-16,20
29-04-16,21
29-04-16,20
29-04-16,20
29-04-16,21
29-04-16,20
29-04-16,20
29-04-16,21
29-04-16,20
29-04-16,20
29-04-16,21
29-04-16,19
29-04-16,19
29-04-16,19
29-04-16,19
29-04-16,19
29-04-16,19
29-04-16,19
29-04-16,19
29-04-16,19
29-04-16,19
29-04-16,19
29-04-16,19
29-04-16,20
29-04-16,20
29-04-16,20
29-04-16,20
29-04-16,20
29-04-16,20
29-04-16,21
29-04-16,21
29-04-16,21
02-05-16,19
02-05-16,19
02-05-16,19
02-05-16,19
02-05-16,19
02-05-16,19
02-05-16,19
02-05-16,19
02-05-16,19
02-05-16,19
02-05-16,19
02-05-16,19
02-05-16,19
02-05-16,19
02-05-16,19
02-05-16,19
02-05-16,19
02-05-16,19
02-05-16,19
02-05-16,19
02-05-16,19
02-05-16,19
02-05-16,19
02-05-16,19
02-05-16,19
02-05-16,19
02-05-16,19
02-05-16,19
02-05-16,19
02-05-16,19
02-05-16,19
02-05-16,19
02-05-16,19
02-05-16,19
02-05-16,19
02-05-16,19
02-05-16,20
02-05-16,20
02-05-16,20
02-05-16,20
02-05-16,20
02-05-16,20
02-05-16,20
02-05-16,20
02-05-16,20
02-05-16,20
02-05-16,20
02-05-16,20
02-05-16,20
02-05-16,20
02-05-16,20
02-05-16,19
02-05-16,19
02-05-16,19
02-05-16,19
02-05-16,19
02-05-16,19
03-05-16,20
03-05-16,20
03-05-16,20
03-05-16,20
03-05-16,20
03-05-16,20
03-05-16,20
03-05-16,20
03-05-16,20
03-05-16,20
03-05-16,20
03-05-16,20
03-05-16,19
03-05-16,19
03-05-16,19
03-05-16,19
03-05-16,19
03-05-16,19
03-05-16,19
03-05-16,19
03-05-16,19
03-05-16,20
03-05-16,20
03-05-16,20
03-05-16,20
03-05-16,20
03-05-16,20
03-05-16,20
03-05-16,20
03-05-16,20
03-05-16,20
03-05-16,20
03-05-16,20
03-05-16,20
03-05-16,20
03-05-16,20
03-05-16,20
03-05-16,20
03-05-16,20
03-05-16,19
03-05-16,19
03-05-16,19
03-05-16,19
03-05-16,19
03-05-16,19
03-05-16,19
03-05-16,19
03-05-16,19
03-05-16,19
03-05-16,19
03-05-16,19
03-05-16,19
03-05-16,19
03-05-16,19
03-05-16,19
03-05-16,19
03-05-16,19
04-05-16,20
04-05-16,20
04-05-16,20
04-05-16,20
04-05-16,20
04-05-16,20
04-05-16,20
04-05-16,20
04-05-16,20
04-05-16,20
04-05-16,20
04-05-16,20
04-05-16,20
04-05-16,20
04-05-16,20
04-05-16,20
04-05-16,20
04-05-16,20
04-05-16,20
04-05-16,20
04-05-16,20
04-05-16,20
04-05-16,20
04-05-16,20
04-05-16,20
04-05-16,20
04-05-16,20
04-05-16,20
04-05-16,20
04-05-16,20
04-05-16,20
04-05-16,20
04-05-16,20
04-05-16,20
04-05-16,20
04-05-16,20
04-05-16,20
04-05-16,20
04-05-16,20
04-05-16,20
04-05-16,20
04-05-16,20
04-05-16,21
04-05-16,21
04-05-16,21
04-05-16,21
04-05-16,21
04-05-16,21
06-05-16,19
06-05-16,19
06-05-16,19
06-05-16,19
06-05-16,19
06-05-16,19
06-05-16,20
06-05-16,20
06-05-16,20
06-05-16,20
06-05-16,20
06-05-16,20
06-05-16,20
06-05-16,20
06-05-16,20
06-05-16,19
06-05-16,19
06-05-16,19
06-05-16,19
06-05-16,19
06-05-16,19
06-05-16,19
06-05-16,19
06-05-16,19
06-05-16,19
06-05-16,19
06-05-16,19
06-05-16,19
06-05-16,19
06-05-16,19
06-05-16,21
06-05-16,21
06-05-16,21
06-05-16,21
06-05-16,21
06-05-16,21
06-05-16,21
06-05-16,21
06-05-16,18
06-05-16,18
06-05-16,18
06-05-16,18
06-05-16,18
06-05-16,18
06-05-16,18
06-05-16,18
06-05-16,18
06-05-16,18
06-05-16,18
06-05-16,18
06-05-16,18
06-05-16,18
06-05-16,18
06-05-16,19
06-05-16,19
06-05-16,19
06-05-16,19
06-05-16,19
06-05-16,19
06-05-16,19
06-05-16,19
06-05-16,19
06-05-16,19
06-05-16,19
06-05-16,19
06-05-16,19
06-05-16,19
06-05-16,19
06-05-16,19
06-05-16,19
06-05-16,19
06-05-16,19
06-05-16,19
06-05-16,19
06-05-16,21
06-05-16,21
06-05-16,21
06-05-16,21
06-05-16,21
06-05-16,21
06-05-16,21
06-05-16,21
06-05-16,21
06-05-16,21
06-05-16,21
06-05-16,21
06-05-16,21
06-05-16,21
06-05-16,21
06-05-16,21
06-05-16,21
06-05-16,21
09-05-16,21
09-05-16,21
09-05-16,21
09-05-16,21
09-05-16,21
09-05-16,21
09-05-16,21
09-05-16,21
09-05-16,21
09-05-16,20
09-05-16,20
09-05-16,21
09-05-16,19
09-05-16,19
09-05-16,19
09-05-16,19
09-05-16,19
09-05-16,19
09-05-16,19
09-05-16,19
09-05-16,19
09-05-16,20
09-05-16,20
09-05-16,20
09-05-16,20
09-05-16,20
09-05-16,20
09-05-16,20
09-05-16,20
09-05-16,20
09-05-16,19
09-05-16,19
09-05-16,19
09-05-16,19
09-05-16,19
09-05-16,19
11-05-16,18
11-05-16,18
11-05-16,18
11-05-16,19
11-05-16,19
11-05-16,19
11-05-16,19
11-05-16,19
11-05-16,19
11-05-16,19
11-05-16,19
11-05-16,19
19-05-16,20
19-05-16,20
19-05-16,20
19-05-16,20
19-05-16,20
19-05-16,20
19-05-16,20
19-05-16,20
19-05-16,20
19-05-16,20
19-05-16,20
19-05-16,20
19-05-16,18
19-05-16,18
19-05-16,19
19-05-16,18
19-05-16,18
19-05-16,19
19-05-16,18
19-05-16,18
19-05-16,19
19-05-16,18
19-05-16,18
19-05-16,19
19-05-16,19
19-05-16,19
19-05-16,19
19-05-16,19
19-05-16,19
19-05-16,19
19-05-16,19
19-05-16,19
19-05-16,19
19-05-16,19
19-05-16,19
19-05-16,19
19-05-16,19
19-05-16,19
19-05-16,19
19-05-16,20
19-05-16,20
19-05-16,20
19-05-16,20
19-05-16,20
19-05-16,20
19-05-16,19
19-05-16,19
19-05-16,19
19-05-16,20
19-05-16,20
19-05-16,20
20-05-16,19
20-05-16,19
20-05-16,19
20-05-16,19
20-05-16,19
20-05-16,19
20-05-16,19
20-05-16,19
20-05-16,19
20-05-16,20
20-05-16,20
20-05-16,20
20-05-16,20
20-05-16,20
20-05-16,20
20-05-16,20
20-05-16,20
20-05-16,20
20-05-16,20
20-05-16,20
20-05-16,20
20-05-16,20
20-05-16,20
20-05-16,20
20-05-16,20
20-05-16,20
20-05-16,20
20-05-16,19
20-05-16,19
20-05-16,19
20-05-16,20
20-05-16,20
20-05-16,20
20-05-16,19
20-05-16,19
20-05-16,19
20-05-16,19
20-05-16,19
20-05-16,19
23-05-16,19
23-05-16,19
23-05-16,19
23-05-16,19
23-05-16,19
23-05-16,19
23-05-16,19
23-05-16,19
23-05-16,19
23-05-16,19
23-05-16,19
23-05-16,19
23-05-16,19
23-05-16,19
23-05-16,19
23-05-16,19
23-05-16,19
23-05-16,19
23-05-16,21
23-05-16,21
23-05-16,21
23-05-16,18
23-05-16,18
1ZA063296844447549,0
23-05-16,18
23-05-16,18
3.21552E+11,0
23-05-16,18
23-05-16,18
ZJK7HXBZ,0
23-05-16,18
23-05-16,18
2.2467E+11,0
23-05-16,18
23-05-16,18
R-263488109595,0
23-05-16,18
23-05-16,18
AK0000920653,0
23-05-16,18
23-05-16,18
AK0000920673,0
23-05-16,18
23-05-16,18
AK0000920683,0
23-05-16,18
23-05-16,18
AK0000920843,0
23-05-16,18
23-05-16,18
AL0006902783,0
23-05-16,18
23-05-16,18
3.40434E+17,0
23-05-16,18
23-05-16,18
3.40434E+17,0
23-05-16,18
23-05-16,18
1.58104E+11,0
23-05-16,18
23-05-16,18
3.40434E+17,0
23-05-16,18
23-05-16,18
3.40434E+17,0
23-05-16,18
23-05-16,18
5.90172E+12,0
23-05-16,18
23-05-16,18
AK0000918193,0
23-05-16,18
23-05-16,18
AL0006877263,0
23-05-16,18
23-05-16,18
AL0006900073,0
23-05-16,18
23-05-16,18
JJD000390003220884926,0
23-05-16,18
23-05-16,18
3.40434E+17,0
23-05-16,18
23-05-16,18
1.47506E+12,0
23-05-16,18
23-05-16,18
AL0007055623,0
23-05-16,18
23-05-16,18
1.29952E+11,0
23-05-16,18
23-05-16,18
6.41401E+13,0
23-05-16,18
23-05-16,18
CC593309555FR,0
23-05-16,18
23-05-16,18
CC713076497FR,0
23-05-16,19
23-05-16,19
23-05-16,19
23-05-16,21
23-05-16,21
23-05-16,21
23-05-16,21
23-05-16,21
23-05-16,21
24-05-16,19
24-05-16,19
24-05-16,20
24-05-16,19
24-05-16,19
24-05-16,20
24-05-16,19
24-05-16,19
24-05-16,20
24-05-16,19
24-05-16,19
24-05-16,20
24-05-16,19
24-05-16,19
24-05-16,20
24-05-16,19
24-05-16,19
24-05-16,20
24-05-16,19
24-05-16,19
24-05-16,20
24-05-16,20
24-05-16,20
24-05-16,20
24-05-16,19
24-05-16,19
24-05-16,19
24-05-16,19
24-05-16,19
24-05-16,19
24-05-16,19
24-05-16,19
24-05-16,19
24-05-16,19
24-05-16,19
24-05-16,19
24-05-16,19
24-05-16,19
24-05-16,19
24-05-16,19
24-05-16,19
24-05-16,19
24-05-16,19
24-05-16,19
24-05-16,19
24-05-16,19
24-05-16,19
24-05-16,19
24-05-16,19
24-05-16,19
24-05-16,19
24-05-16,19
24-05-16,19
24-05-16,19
24-05-16,19
24-05-16,19
24-05-16,19
24-05-16,19
24-05-16,19
24-05-16,19
24-05-16,18
24-05-16,18
24-05-16,18
25-05-16,23
25-05-16,23
25-05-16,23
25-05-16,23
25-05-16,23
25-05-16,23
25-05-16,23
25-05-16,23
25-05-16,23
25-05-16,23
25-05-16,23
25-05-16,23
25-05-16,23
25-05-16,23
25-05-16,23
25-05-16,23
25-05-16,23
25-05-16,23
25-05-16,23
25-05-16,23
25-05-16,23
25-05-16,23
25-05-16,23
25-05-16,23
25-05-16,23
25-05-16,23
25-05-16,23
25-05-16,23
25-05-16,23
25-05-16,23
25-05-16,20
25-05-16,20
25-05-16,20
25-05-16,20
25-05-16,20
25-05-16,20
25-05-16,20
25-05-16,20
25-05-16,20
25-05-16,20
25-05-16,20
25-05-16,20
25-05-16,20
25-05-16,20
25-05-16,20
25-05-16,20
25-05-16,20
25-05-16,20
25-05-16,20
25-05-16,20
25-05-16,20
25-05-16,20
25-05-16,20
25-05-16,20
25-05-16,20
25-05-16,20
25-05-16,20
25-05-16,20
25-05-16,20
25-05-16,20
25-05-16,20
25-05-16,20
25-05-16,20
25-05-16,20
25-05-16,20
25-05-16,20
25-05-16,20
25-05-16,20
25-05-16,20
25-05-16,20
25-05-16,20
25-05-16,20
25-05-16,21
25-05-16,21
25-05-16,21
25-05-16,21
25-05-16,21
25-05-16,21
25-05-16,21
25-05-16,21
25-05-16,21
25-05-16,21
25-05-16,21
25-05-16,21
25-05-16,21
25-05-16,21
25-05-16,21
25-05-16,21
25-05-16,21
25-05-16,21
25-05-16,21
25-05-16,21
25-05-16,21
25-05-16,21
25-05-16,21
25-05-16,21
25-05-16,21
25-05-16,21
25-05-16,21
25-05-16,22
25-05-16,22
25-05-16,22
25-05-16,22
25-05-16,22
25-05-16,22
25-05-16,22
25-05-16,22
25-05-16,22
25-05-16,22
25-05-16,22
25-05-16,22
25-05-16,22
25-05-16,22
25-05-16,22
25-05-16,22
25-05-16,22
25-05-16,22
25-05-16,22
25-05-16,22
25-05-16,22
25-05-16,19
25-05-16,19
25-05-16,19
25-05-16,19
25-05-16,19
25-05-16,19
25-05-16,19
25-05-16,19
25-05-16,19
25-05-16,19
25-05-16,19
25-05-16,19
25-05-16,19
25-05-16,19
25-05-16,19
25-05-16,19
25-05-16,19
25-05-16,19
25-05-16,20
25-05-16,20
25-05-16,20
25-05-16,20
25-05-16,20
25-05-16,20
25-05-16,19
25-05-16,19
25-05-16,19
25-05-16,19
25-05-16,19
25-05-16,19
25-05-16,19
25-05-16,19
25-05-16,19
27-05-16,21
27-05-16,21
27-05-16,21
27-05-16,21
27-05-16,21
27-05-16,21
27-05-16,21
27-05-16,21
27-05-16,21
27-05-16,19
27-05-16,19
27-05-16,19
27-05-16,19
27-05-16,19
27-05-16,19
27-05-16,19
27-05-16,19
27-05-16,19
27-05-16,19
27-05-16,19
27-05-16,19
27-05-16,19
27-05-16,19
27-05-16,19
27-05-16,19
27-05-16,19
27-05-16,19
27-05-16,18
27-05-16,18
27-05-16,18
27-05-16,20
27-05-16,20
27-05-16,20
27-05-16,20
27-05-16,20
27-05-16,20
27-05-16,19
27-05-16,19
27-05-16,19
27-05-16,19
27-05-16,19
27-05-16,19
27-05-16,20
27-05-16,20
27-05-16,20
27-05-16,19
27-05-16,19
27-05-16,19
27-05-16,19
27-05-16,19
27-05-16,19
27-05-16,19
27-05-16,19
27-05-16,19
27-05-16,21
27-05-16,21
27-05-16,21
30-05-16,19
30-05-16,19
30-05-16,19
30-05-16,19
30-05-16,19
30-05-16,19
30-05-16,19
30-05-16,19
30-05-16,19
30-05-16,19
30-05-16,19
30-05-16,19
30-05-16,19
30-05-16,19
30-05-16,19
30-05-16,20
30-05-16,20
30-05-16,20
30-05-16,20
30-05-16,20
30-05-16,20
30-05-16,18
30-05-16,18
30-05-16,18
30-05-16,18
30-05-16,18
30-05-16,18
30-05-16,18
30-05-16,18
30-05-16,18
30-05-16,18
30-05-16,18
30-05-16,18
30-05-16,19
30-05-16,19
30-05-16,19
30-05-16,20
30-05-16,20
30-05-16,20
31-05-16,18
31-05-16,18
31-05-16,18
31-05-16,19
31-05-16,19
31-05-16,19
31-05-16,19
31-05-16,19
31-05-16,19
31-05-16,19
31-05-16,19
31-05-16,19
31-05-16,19
31-05-16,19
31-05-16,19
31-05-16,19
31-05-16,19
31-05-16,19
31-05-16,19
31-05-16,19
31-05-16,19
31-05-16,19
31-05-16,19
31-05-16,19
31-05-16,19
31-05-16,19
31-05-16,19
31-05-16,19
31-05-16,19
31-05-16,19
31-05-16,21
31-05-16,21
31-05-16,21
31-05-16,21
31-05-16,21
31-05-16,21
31-05-16,21
31-05-16,21
31-05-16,21
31-05-16,20
31-05-16,20
31-05-16,20
31-05-16,20
31-05-16,20
31-05-16,20
31-05-16,20
31-05-16,20
31-05-16,20
31-05-16,20
31-05-16,20
31-05-16,20
31-05-16,19
31-05-16,19
31-05-16,19
31-05-16,19
31-05-16,19
31-05-16,19
31-05-16,20
31-05-16,20
31-05-16,20
31-05-16,20
31-05-16,20
31-05-16,20
31-05-16,20
31-05-16,20
31-05-16,20
31-05-16,20
31-05-16,20
31-05-16,20
31-05-16,22
31-05-16,22
31-05-16,22
31-05-16,20
31-05-16,20
31-05-16,20
31-05-16,21
31-05-16,21
31-05-16,21
01-06-16,19
01-06-16,19
01-06-16,19
01-06-16,20
01-06-16,20
01-06-16,20
01-06-16,20
01-06-16,20
01-06-16,20
01-06-16,20
01-06-16,20
01-06-16,20
01-06-16,20
01-06-16,20
01-06-16,21
01-06-16,21
01-06-16,21
01-06-16,21
01-06-16,19
01-06-16,19
01-06-16,19
01-06-16,20
01-06-16,20
01-06-16,20
02-06-16,20
02-06-16,20
02-06-16,21
02-06-16,20
02-06-16,20
02-06-16,21
02-06-16,20
02-06-16,20
02-06-16,21
02-06-16,20
02-06-16,20
02-06-16,21
02-06-16,20
02-06-16,20
02-06-16,21
02-06-16,20
02-06-16,20
02-06-16,20
02-06-16,20
02-06-16,20
02-06-16,20
02-06-16,20
02-06-16,20
02-06-16,20
02-06-16,20
02-06-16,20
02-06-16,20
02-06-16,20
02-06-16,20
02-06-16,20
02-06-16,20
02-06-16,20
02-06-16,20
02-06-16,19
02-06-16,19
02-06-16,19
02-06-16,19
02-06-16,19
02-06-16,19
03-06-16,22
03-06-16,22
03-06-16,22
03-06-16,22
03-06-16,22
03-06-16,22
03-06-16,22
03-06-16,22
03-06-16,22
03-06-16,22
03-06-16,22
03-06-16,22
03-06-16,22
03-06-16,22
03-06-16,22
03-06-16,19
03-06-16,19
03-06-16,20
03-06-16,19
03-06-16,19
03-06-16,20
03-06-16,19
03-06-16,19
03-06-16,20
03-06-16,19
03-06-16,19
03-06-16,20
03-06-16,19
03-06-16,19
03-06-16,19
03-06-16,19
03-06-16,19
03-06-16,19
03-06-16,19
03-06-16,19
03-06-16,19
03-06-16,21
03-06-16,21
03-06-16,22
03-06-16,21
03-06-16,21
03-06-16,22
03-06-16,21
03-06-16,21
03-06-16,22
03-06-16,21
03-06-16,21
03-06-16,22
03-06-16,20
03-06-16,20
03-06-16,20
03-06-16,19
03-06-16,19
03-06-16,19
03-06-16,19
03-06-16,19
03-06-16,19
03-06-16,19
03-06-16,19
03-06-16,19
03-06-16,19
03-06-16,19
03-06-16,19
03-06-16,19
03-06-16,19
03-06-16,19
03-06-16,19
03-06-16,19
03-06-16,19
03-06-16,19
03-06-16,19
03-06-16,19
03-06-16,22
03-06-16,22
03-06-16,22
03-06-16,22
03-06-16,22
03-06-16,22
03-06-16,22
03-06-16,22
03-06-16,22
03-06-16,22
03-06-16,22
03-06-16,22
03-06-16,22
03-06-16,22
03-06-16,22
03-06-16,22
03-06-16,22
03-06-16,22
03-06-16,22
03-06-16,22
03-06-16,22
03-06-16,22
03-06-16,22
03-06-16,22
03-06-16,21
03-06-16,21
03-06-16,21
03-06-16,21
03-06-16,21
03-06-16,21
03-06-16,21
03-06-16,21
03-06-16,21
03-06-16,21
03-06-16,21
03-06-16,21
03-06-16,21
03-06-16,21
03-06-16,21
03-06-16,19
03-06-16,19
03-06-16,19
06-06-16,21
06-06-16,21
06-06-16,21
06-06-16,21
06-06-16,21
06-06-16,21
06-06-16,21
06-06-16,21
06-06-16,21
06-06-16,21
06-06-16,21
06-06-16,21
06-06-16,21
06-06-16,21
06-06-16,21
06-06-16,21
06-06-16,21
06-06-16,21
06-06-16,21
06-06-16,21
06-06-16,21
06-06-16,21
06-06-16,21
06-06-16,21
06-06-16,21
06-06-16,21
06-06-16,21
06-06-16,20
06-06-16,20
06-06-16,20
06-06-16,18
06-06-16,18
06-06-16,18
06-06-16,21
06-06-16,21
06-06-16,21
06-06-16,20
06-06-16,20
06-06-16,20
06-06-16,20
06-06-16,20
06-06-16,20
06-06-16,19
06-06-16,19
06-06-16,19
06-06-16,19
06-06-16,19
06-06-16,19
06-06-16,20
06-06-16,20
06-06-16,20
06-06-16,20
06-06-16,20
06-06-16,20
06-06-16,20
06-06-16,20
06-06-16,20
08-06-16,20
08-06-16,20
08-06-16,21
08-06-16,20
08-06-16,20
08-06-16,21
08-06-16,20
08-06-16,20
08-06-16,21
08-06-16,20
08-06-16,20
08-06-16,21
08-06-16,20
08-06-16,20
08-06-16,21
08-06-16,19
08-06-16,19
08-06-16,19
08-06-16,19
08-06-16,19
08-06-16,19
08-06-16,19
08-06-16,19
08-06-16,19
08-06-16,20
08-06-16,20
08-06-16,20
08-06-16,20
08-06-16,20
08-06-16,20
08-06-16,20
08-06-16,20
08-06-16,20
08-06-16,20
08-06-16,20
08-06-16,20
08-06-16,20
08-06-16,20
08-06-16,20
08-06-16,19
08-06-16,19
08-06-16,19
09-06-16,18
09-06-16,18
09-06-16,19
09-06-16,18
09-06-16,18
09-06-16,19
09-06-16,18
09-06-16,18
09-06-16,19
09-06-16,18
09-06-16,18
09-06-16,19
09-06-16,20
09-06-16,20
09-06-16,20
09-06-16,20
09-06-16,20
09-06-16,20
09-06-16,20
09-06-16,20
09-06-16,20
09-06-16,20
09-06-16,20
09-06-16,20
09-06-16,20
09-06-16,20
09-06-16,20
09-06-16,20
09-06-16,20
09-06-16,20
09-06-16,20
09-06-16,20
09-06-16,20
09-06-16,20
09-06-16,20
09-06-16,20
09-06-16,20
09-06-16,20
09-06-16,20
09-06-16,20
09-06-16,20
09-06-16,20
09-06-16,20
09-06-16,20
09-06-16,20
09-06-16,20
09-06-16,20
09-06-16,20
09-06-16,20
09-06-16,20
09-06-16,20
09-06-16,20
09-06-16,20
09-06-16,20
09-06-16,20
09-06-16,20
09-06-16,20
09-06-16,19
09-06-16,19
09-06-16,19
09-06-16,19
09-06-16,19
09-06-16,19
09-06-16,20
09-06-16,20
09-06-16,20
09-06-16,20
09-06-16,20
09-06-16,20
09-06-16,20
09-06-16,20
09-06-16,20
10-06-16,19
10-06-16,19
10-06-16,19
10-06-16,19
10-06-16,19
10-06-16,19
10-06-16,19
10-06-16,19
10-06-16,19
10-06-16,19
10-06-16,19
10-06-16,19
10-06-16,19
10-06-16,19
10-06-16,19
10-06-16,19
10-06-16,19
10-06-16,19
10-06-16,19
10-06-16,19
10-06-16,19
10-06-16,19
10-06-16,19
10-06-16,19
10-06-16,19
10-06-16,19
10-06-16,19
10-06-16,19
10-06-16,19
10-06-16,19
10-06-16,19
10-06-16,19
10-06-16,19
10-06-16,19
10-06-16,19
10-06-16,19
10-06-16,20
10-06-16,20
10-06-16,20
10-06-16,20
10-06-16,20
10-06-16,20
10-06-16,20
10-06-16,20
10-06-16,20
10-06-16,20
10-06-16,20
10-06-16,20
10-06-16,18
10-06-16,18
10-06-16,18
10-06-16,18
10-06-16,18
10-06-16,18
10-06-16,18
10-06-16,18
10-06-16,18
10-06-16,18
10-06-16,18
10-06-16,18
10-06-16,19
10-06-16,19
10-06-16,19
10-06-16,19
10-06-16,19
10-06-16,19
10-06-16,19
10-06-16,19
10-06-16,19
10-06-16,19
10-06-16,19
10-06-16,19
10-06-16,20
10-06-16,20
10-06-16,20
10-06-16,20
10-06-16,20
10-06-16,20
10-06-16,20
10-06-16,20
10-06-16,20
10-06-16,19
10-06-16,19
10-06-16,19
13-06-16,20
13-06-16,20
13-06-16,20
13-06-16,20
13-06-16,20
13-06-16,20
13-06-16,19
13-06-16,19
13-06-16,19
13-06-16,19
13-06-16,19
13-06-16,19
13-06-16,19
13-06-16,19
13-06-16,19
13-06-16,19
13-06-16,19
13-06-16,19
13-06-16,18
13-06-16,18
13-06-16,19
13-06-16,18
13-06-16,18
13-06-16,19
13-06-16,18
13-06-16,18
13-06-16,19
13-06-16,18
13-06-16,18
13-06-16,19
13-06-16,18
13-06-16,18
13-06-16,19
13-06-16,18
13-06-16,18
13-06-16,19
13-06-16,19
13-06-16,19
13-06-16,19
